time,avg_return,cum_return,avg_volume,cum_volume
08:00,-7.45968932485415e-05,-0.2181581132091509,1001.3324905183313,4752324
08:30,1.8603339291957863e-05,0.05779994193788829,716.6051411715129,3401008
09:00,4.0450800726915966e-05,0.0025189540018311085,29.546354825115888,140227
09:30,-0.00015079616758147227,-0.4109632514060193,9489.986514959966,45039476
10:00,-6.848410483023584e-05,-0.21193913740848958,5175.631057732828,24563545
10:30,-6.319142838801886e-05,-0.19804317559202678,5045.179481777965,23949467
11:00,-6.532682140179808e-05,-0.20078263737301494,3920.4931535706764,18610581
11:30,1.5345085253305005e-05,0.04085839433364913,3592.1900147461556,17052126
12:00,-4.222355185960762e-05,-0.15599471420313304,4367.757109753528,20733743
12:30,5.366202109629482e-06,0.008926134938317176,3184.1803244154203,15115304
13:00,-2.0450509399896772e-06,-0.013949247635345552,2898.5283336844323,13759314
13:30,-2.573974295894118e-05,-0.08594816606327083,3106.2660627764903,14745445
14:00,6.913933074999845e-06,0.013608407043838922,5147.372445755213,24434577
14:30,0.0008299120504456231,0.05511680216054349,157.21554993678888,746145
15:00,0.0,0.0,0.00042140750105351877,2
