date,iv_30d,iv_60d,iv_90d
2010-06-04,0.3058772119874761,0.29884859999607516,0.2924306011242862
2010-06-07,0.3200458693263658,0.3086525339558446,0.30080778108499356
2010-06-08,0.29322818462508976,0.28926123393870795,0.2856116974793661
2010-06-09,0.29947285126464407,0.2926587469000964,0.2880490753331638
2010-06-10,0.26647844988504876,0.26601260387891107,0.26474641578684416
2010-06-11,0.24953456828507395,0.2572167354718168,0.25875976757359165
2010-06-14,0.2546473011442637,0.25774795497786407,0.2581646055384914
2010-06-15,0.22481587084483523,0.23123772449118107,0.23513743997181796
2010-06-16,0.22654256970162123,0.23372006410491672,0.23603630328564196
2010-06-17,0.21773327809959064,0.22652807886339646,0.2297606391748615
2010-06-18,0.20641502246572754,0.21698669480248725,0.22215334614794444
2010-06-21,0.21754175677959642,0.22211662325011855,0.22550572275419542
2010-06-22,0.240012049083132,0.24027908836328746,0.24103176058921044
2010-06-23,0.24069527007563957,0.24193956847702294,0.24433135436990755
2010-06-24,0.2670925846553785,0.263438481305384,0.26242235710581985
2010-06-25,0.2512716063465088,0.251438887456143,0.2552171248736995
2010-06-28,0.2563966397474171,0.25546937982440665,0.25875083897131007
2010-06-29,0.3052419616229632,0.2964482232794303,0.29535853718656496
2010-06-30,0.3102894169880754,0.3042105436404865,0.3027029747926456
2010-07-01,0.30040991262828404,0.2989457184026349,0.3007017145326196
2010-07-02,0.27672585071232064,0.28188179752483344,0.28887302135811554
2010-07-06,0.2717274709410479,0.2716924632923531,0.2778172734948647
2010-07-07,0.24073059101808378,0.2447174483510277,0.25441609706859725
2010-07-08,0.23303315716690332,0.23997015352860263,0.25128489910321744
2010-07-09,0.22223966008751084,0.2333319428763415,0.24275098704973502
2010-07-12,0.23104450638787727,0.23729240399752788,0.24667973805697824
2010-07-13,0.22624288217411934,0.23347550430061711,0.2427905048655569
2010-07-14,0.2324087707296003,0.237695106017671,0.2485907279073955
2010-07-15,0.23465113837155419,0.2385634947816437,0.24973186834464003
2010-07-16,,0.2497407058794851,0.2617358992108325
2010-07-19,,0.24622385418254958,0.25830064548039255
2010-07-20,,0.2294872214495433,0.2423405518377485
2010-07-21,0.23411248990175557,0.24333693371801882,0.2531612923980724
2010-07-22,0.2218892972236711,0.22938347560842418,0.23882223606247693
2010-07-23,0.2125788872203804,0.21968945903218592,0.2306917397510948
2010-07-26,0.20237079275017436,0.21431374283126864,0.22515152913693492
2010-07-27,0.20630473730620355,0.2155119699608162,0.22621129219882127
2010-07-28,0.2153721817473218,0.22284317374806561,0.23176896639171762
2010-07-29,0.21545598617764178,0.22403426663901313,0.2326595183110204
2010-07-30,0.20889668348885074,0.22063764137936018,0.2308983084263781
2010-08-02,0.19209621777211816,0.20390698585784456,0.21540412162278819
2010-08-03,0.1967186455710514,0.20806965695329746,0.21867881756390933
2010-08-04,0.1939967137318361,0.2068605043423661,0.2179553719300972
2010-08-05,0.1917877852507221,0.20832873587614978,0.22076822601950616
2010-08-06,0.19185983101398513,0.21016182792160637,0.222400829168921
2010-08-09,0.19215752732536584,0.20857637836510276,0.22121530357745994
2010-08-10,0.19350061498148421,0.21265752358765602,0.22372468884003588
2010-08-11,0.2280434558557863,0.24108076828351008,0.24954268155935888
2010-08-12,0.23438184077770377,0.24745300185729005,0.2547161337967383
2010-08-13,0.23838572786705692,0.2534209289441779,0.2615077446064921
2010-08-16,0.2352054683881836,0.2518712314000534,0.26073322720758224
2010-08-17,0.2161330756256646,0.23842824355658115,0.2481301372652074
2010-08-18,0.2163655730145444,0.23874999025412066,0.24714741321863104
2010-08-19,0.236856829807959,0.2535335761760288,0.2610679554429895
2010-08-20,0.22611850658744279,0.24738552491151544,0.2585729268782265
2010-08-23,0.23089336138144798,0.24728837983266755,0.2562591790277738
2010-08-24,0.24979412769543305,0.2596712467541393,0.26600872887517
2010-08-25,0.24346520751141618,0.254342774978278,0.26096882237127766
2010-08-26,0.2512353871123197,0.2607023010266903,0.26617245874446455
2010-08-27,0.22326165832416717,0.238174783259304,0.2473383687768447
2010-08-30,0.24954480407250337,0.2596013901226034,0.26417187833957895
2010-08-31,0.24368367872643054,0.25322968713302246,0.259360804382767
2010-09-01,0.22063023792019262,0.23277332353979946,0.24041145247756757
2010-09-02,0.20912826219811373,0.22338506247194015,0.23273648872998437
2010-09-03,0.19022386832347715,0.20879204432544857,0.21945664949701385
2010-09-07,0.2154335610072647,0.22747183353191588,0.23468652548805402
2010-09-08,0.20763971635752568,0.22078527465857006,0.22966575741613285
2010-09-09,0.20250433234444806,0.2175287932026443,0.22766773860536998
2010-09-10,0.19541233013808493,0.21214295691982404,0.22157984885376203
2010-09-13,0.19054016665645104,0.20610030586020875,0.2148621620047258
2010-09-14,0.19368883940340123,0.20813961211000306,0.21582348589421946
2010-09-15,0.19609245526094188,0.20918207311897177,0.21624599769170544
2010-09-16,0.18998985633128487,0.20655315281253467,0.2166654442037287
2010-09-17,0.19116111507459305,0.20613281866934763,0.21562451797448973
2010-09-20,0.18849260279913047,0.20075709303160302,0.21073850497783272
2010-09-21,0.19592164890836614,0.2044475607606674,0.2129656677535415
2010-09-22,0.19916443199806025,0.2088379223784609,0.2166129603348905
2010-09-23,0.21208996808138253,0.22051692080094598,0.2278478357566238
2010-09-24,0.18872429824223033,0.20058709847766387,0.21061451819698213
2010-09-27,0.20132339686251471,0.20871207078867754,0.21768537029522647
2010-09-28,0.20163545464958346,0.21093119797523766,0.2184628128866821
2010-09-29,0.20730332024578998,0.21626351537994246,0.22252040486812513
2010-09-30,0.21146254528520275,0.2207299164224561,0.22817822975860674
2010-10-01,0.20170770522072437,0.21363599113565784,0.22233966491952206
2010-10-04,0.21162170575884454,0.22119131965358899,0.22930293185859318
2010-10-05,0.19724411761049976,0.2082378683829436,0.21781829508958833
2010-10-06,0.19500749795991676,0.20714388280135335,0.21731888281345405
2010-10-07,0.19641831445624394,0.20855806149566006,0.2180407850495225
2010-10-08,0.1894578441844557,0.2019229483535351,0.20943740304848235
2010-10-11,0.18972079421582305,0.20130056133199523,0.2097581989480843
2010-10-12,0.1853617983543304,0.19691347953108562,0.20681102853013691
2010-10-13,0.18184315051700287,0.19392680548381058,0.20292750079127678
2010-10-14,0.1869899213272626,0.1978566273106085,0.20592341314022464
2010-10-15,,0.1935200302505467,0.20319837620836406
2010-10-18,,0.18877123285674344,0.19839648822564063
2010-10-19,,0.19918230517740326,0.20615219549559366
2010-10-20,0.17769701300608415,0.19152685398957456,0.19913959754074123
2010-10-21,0.17570823441384406,0.18685866986738073,0.19493560293835255
2010-10-22,0.17183239089708424,0.18149550024024216,0.18998172882697004
2010-10-25,0.1789139222106775,0.186600325610873,0.19519051745410168
2010-10-26,0.1830065977166955,0.19031138455245164,0.19779814353918473
2010-10-27,0.18715132170018625,0.19325569347109395,0.2007603631285903
2010-10-28,0.1886226778834559,0.19385206418756298,0.20139047514981886
2010-10-29,0.19261044191794577,0.19677752418424546,0.2031732625386574
2010-11-01,0.19521417081056733,0.19923661620643313,0.20611804720600185
2010-11-02,0.19440929215168853,0.19812481922097722,0.2056344076363866
2010-11-03,0.17630114012110906,0.18295747352709407,0.1912504993275959
2010-11-04,0.16470034291430222,0.1700389821968378,0.17839957540308726
2010-11-05,0.1645680173334944,0.17292962674812204,0.18131322121958335
2010-11-08,0.16234556562860686,0.1710184559925959,0.18105446760373733
2010-11-09,0.1687944075221103,0.1763688924143712,0.18561525644997212
2010-11-10,0.1611439803642872,0.1714259490138972,0.1827315059590015
2010-11-11,0.1618767940907605,0.1741969482787042,0.18502567949536944
2010-11-12,0.18089220289202998,0.18794776072777036,0.19832531527795985
2010-11-15,0.1801132892420923,0.18772821790383976,0.19832248959697701
2010-11-16,0.1970076178861826,0.20120927843185737,0.21120017788378825
2010-11-17,0.19128806211426722,0.19853404357422963,0.20864569730337396
2010-11-18,0.16135457431711156,0.17622102977413764,0.19206733644895616
2010-11-19,0.15564712605381112,0.16867251822085436,0.1867132928641509
2010-11-22,0.15776439684185375,0.16762198626418598,0.18424958272040898
2010-11-23,0.17874245207486467,0.18253096623403398,0.1954315375488586
2010-11-24,0.17161089599148233,0.17681708074001276,0.18889752316934708
2010-11-26,0.19514299568725998,0.19451830730783723,0.2037399177801499
2010-11-29,0.19199315637512782,0.1952343634458067,0.20529276590645015
2010-11-30,0.21052964533567117,0.2111738074465438,0.2183850905005944
2010-12-01,0.1882972075315764,0.19607063802778898,0.20606450441885577
2010-12-02,0.17038479645099647,0.17844755907563328,0.19073649924937575
2010-12-03,0.15824538672034863,0.1687274683707708,0.18187987389790042
2010-12-06,0.15959591286005545,0.16988356728274517,0.18241148223086304
2010-12-07,0.15944410961612981,0.16891886129528177,0.1807435093803576
2010-12-08,0.1555209665411932,0.1652151490184598,0.17616201401813936
2010-12-09,0.15007531979639271,0.1589953564014117,0.17123699027850725
2010-12-10,0.15310515831089033,0.16150322859366295,0.17166290509862747
2010-12-13,0.1614389853909773,0.1675375979318572,0.1763622860075279
2010-12-14,0.16084105598320814,0.1677079233357549,0.17695547312451188
2010-12-15,0.1627731420253753,0.17201724899068066,0.17951980697390316
2010-12-16,0.15601896860985906,0.16689763892297443,0.17684872061774853
2010-12-17,,0.1584209322186151,0.17140573524993732
2010-12-20,,0.15886178111861465,0.17095896333246358
2010-12-21,,0.15820173935424656,0.16785638789247745
2010-12-22,0.1341385520724187,0.1528928439123145,0.16558822217982344
2010-12-23,0.1397120871166471,0.1607889802387431,0.17126491174691105
2010-12-24,0.14346698371847688,0.16258431515374477,0.17266991569899517
2010-12-27,0.15315424260984575,0.16883259147769192,0.17868656220699233
2010-12-28,0.15212790429216716,0.16854618124591642,0.17904166764988175
2010-12-29,0.15212520580903593,0.16657563796409264,0.17798442835129114
2010-12-30,0.1527071771263647,0.16834601404790983,0.18000378862332103
2010-12-31,0.1578088969043655,0.17086781761800254,0.18124244687120283
2011-01-03,0.1547565581546088,0.16598597122881317,0.177882047856663
2011-01-04,0.15328338994563034,0.1647239710433861,0.1763348099782616
2011-01-05,0.15063621842690475,0.16120702717146068,0.17291518481182538
2011-01-06,0.15354473792431753,0.16293633452379166,0.17438959713867866
2011-01-07,0.15029120136099658,0.16321861305091293,0.17496633379331075
2011-01-10,0.15424788408911635,0.16387578901666128,0.17674696798041567
2011-01-11,0.1488731645566421,0.1598918990046964,0.1725233227441671
2011-01-12,0.1416164384025062,0.1520709489821277,0.16458455023954888
2011-01-13,0.14500576284533165,0.15408419977015425,0.16628460163995
2011-01-14,0.13583904572269936,0.14507481846764175,0.15751766948182622
2011-01-18,0.13373656345944307,0.1443970913678368,0.15535432557235346
2011-01-19,0.1468999109799407,0.15724167396828304,0.16861500442502497
2011-01-20,0.15289208987502886,0.16001449840104073,0.16999401476578607
2011-01-21,0.14889284210039852,0.15931219651836467,0.17071157778456347
2011-01-24,0.14370662185324523,0.15315276276238138,0.16395607633462603
2011-01-25,0.14215102184132314,0.15036450537455084,0.16242969745348454
2011-01-26,0.13708390171631446,0.14632384997069176,0.15714420603423496
2011-01-27,0.13662599812014758,0.14536765615529465,0.15509742378977423
2011-01-28,0.16935555531735338,0.16984303360173544,0.17444508538707654
2011-01-31,0.16291302696192408,0.16561611004959254,0.17050458429107204
2011-02-01,0.14483139299666248,0.15227916486952306,0.15918872181828597
2011-02-02,0.14483032951645353,0.15316837840715328,0.16063408711033422
2011-02-03,0.14126903532359797,0.14965852152370093,0.1573321818036376
2011-02-04,0.13610113136893265,0.14561092599347464,0.15382681547636806
2011-02-07,0.13622939787444352,0.1452448955505357,0.15206077777955312
2011-02-08,0.13197433813034304,0.14198537198851946,0.14978778597262493
2011-02-09,0.13119800958923925,0.14174807094123104,0.1499041215132342
2011-02-10,0.1300417396637002,0.1418965748031463,0.1503694385639722
2011-02-11,0.12990087102326986,0.14084972923945388,0.14839154820511904
2011-02-14,0.13125720785205966,0.14180779532295523,0.14909820371735666
2011-02-15,0.1346227298438016,0.146641872907612,0.15241981259216333
2011-02-16,0.1342665017766759,0.1467037990137781,0.15282175161392333
2011-02-17,0.1312759502112217,0.14620153369525243,0.15361917328244354
2011-02-18,0.12933916675966123,0.14909767386556558,0.15760833875404456
2011-02-22,0.1729722348279853,0.17794744511403562,0.18163616777828215
2011-02-23,0.18587598518319728,0.18795940524442337,0.19101047657933648
2011-02-24,0.180345567331931,0.18413407940698948,0.1881439847918872
2011-02-25,0.15995170587275032,0.1677570308392689,0.17378837600159855
2011-02-28,0.15694112989393416,0.16442669753015898,0.16960038277026226
2011-03-01,0.18318423222853344,0.18484022452168228,0.18713712696656667
2011-03-02,0.1815595753765453,0.18494019129119682,0.18694367863739778
2011-03-03,0.15873198694982732,0.16865953554933133,0.1745070605191111
2011-03-04,0.16506116231633008,0.17366888887424273,0.17906361574189306
2011-03-07,0.18025013231885426,0.18541984516753773,0.18874317883098127
2011-03-08,0.1746101898296258,0.18098747984752053,0.18513708857889305
2011-03-09,0.17879366924533668,0.18391438751996697,0.18810065908312748
2011-03-10,0.19735878068000362,0.19711715597747215,0.1991172067825729
2011-03-11,0.18318420661024165,0.18788861532801046,0.1909881591658166
2011-03-14,0.19047602349835505,0.19352608804325705,0.19672623045058962
2011-03-15,0.21526199008766328,0.2097746808926462,0.2088424916434755
2011-03-16,0.25705213625709855,0.23834648598772895,0.23165421059896366
2011-03-17,0.2261974231004825,0.21699065710953808,0.21502788775978857
2011-03-18,0.2084908999613205,0.20778216591124313,0.2073711777906656
2011-03-21,0.17940826451202266,0.18394775530329316,0.18777551629254716
2011-03-22,0.17881612564813823,0.18217333907082323,0.18639847151636313
2011-03-23,0.17459791776454797,0.17766969676955527,0.18361434695889434
2011-03-24,0.16279217296061774,0.16803957728204466,0.1742036753334576
2011-03-25,0.16071986418882112,0.1674305052026037,0.17408961385476926
2011-03-28,0.17394654232630594,0.17653981502928384,0.18127950411947039
2011-03-29,0.16143193728196317,0.16670463496172383,0.1732578133060161
2011-03-30,0.15511814735043927,0.1620589792578744,0.16920326657515591
2011-03-31,0.15515821971745714,0.16294314952084946,0.17109253873008104
2011-04-01,0.14841034900009373,0.15719052768383535,0.1662079224874422
2011-04-04,0.1504684668192197,0.15809525535172397,0.1660332085635806
2011-04-05,0.15021941679169354,0.15900544730534594,0.16762449970660018
2011-04-06,0.14736186312845992,0.15543835945593357,0.16506448817150252
2011-04-07,0.14789049222259976,0.15820781317310104,0.16715862437386855
2011-04-08,0.1534221508291481,0.1617815565016512,0.1713366448577101
2011-04-11,0.15439803624853354,0.16246222878963484,0.17176149566587398
2011-04-12,0.15912701515529754,0.1660490615457178,0.17482751428638227
2011-04-13,0.15281712306968476,0.16167237509586088,0.17117680611221528
2011-04-14,0.14649466350801132,0.1567211152279152,0.16833568419178965
2011-04-15,,0.1471417917429022,0.16063468123678853
2011-04-18,,0.15808119259445677,0.17078356517650667
2011-04-19,,0.14833483334468808,0.16232967126972453
2011-04-20,0.1257326086222637,0.1426776823862817,0.1559781871974483
2011-04-21,0.12476585954023527,0.14165695795223765,0.1559057752484094
2011-04-22,0.12789831034477148,0.143514217162351,0.15723722937079382
2011-04-25,0.13346758984269266,0.14608953739136749,0.15882483405043513
2011-04-26,0.13447208756538645,0.14597365519954772,0.15749317242804908
2011-04-27,0.13356262298162414,0.14365162670775222,0.1540980375933807
2011-04-28,0.12637543306078322,0.13825752805428623,0.1496790678779633
2011-04-29,0.12773005177491886,0.13880172299736643,0.14984976451416807
2011-05-02,0.13754874691613064,0.14899793241179163,0.15903923906417322
2011-05-03,0.1435672664359376,0.15508395591357332,0.16436597255443403
2011-05-04,0.147141589375867,0.1575248161249753,0.16747069082289412
2011-05-05,0.15785387858682448,0.16449273772486625,0.1728919058038356
2011-05-06,0.159777531279988,0.16471978763148787,0.17180253088062275
2011-05-09,0.14677694967267163,0.15695746063945654,0.16647063834272696
2011-05-10,0.13601941728899103,0.14797904466130604,0.15790049235121484
2011-05-11,0.14628865437790853,0.1542979696890716,0.16424721866228925
2011-05-12,0.1400065016075246,0.14981405853861754,0.15997043566380342
2011-05-13,0.14876831008741723,0.15504212859368233,0.16481110744452912
2011-05-16,0.16017593476345768,0.1645336921704702,0.17275365429825032
2011-05-17,0.15428770016726848,0.15994067902635015,0.16952712312669763
2011-05-18,0.13786936585884585,0.1489882744334175,0.1594311615757099
2011-05-19,0.13263169017344337,0.14606682728490838,0.15704475943434856
2011-05-20,0.14220266541983795,0.15580407916001895,0.1650957497645591
2011-05-23,0.1585266951425634,0.1635227534187249,0.17072311914625865
2011-05-24,0.153991241364085,0.16019613007671749,0.1679697428458925
2011-05-25,0.1506205446846364,0.15922027622031334,0.16664378416570808
2011-05-26,0.1402793102776843,0.15080520781341486,0.15874074512000683
2011-05-27,0.13859248626445994,0.1496526493536442,0.15735121571131558
2011-05-31,0.13274974831908423,0.14408854842941513,0.15244731755495158
2011-06-01,0.16449957117668626,0.16673737265260732,0.1700257159065168
2011-06-02,0.1624683463451387,0.16596726241010043,0.16960372579910407
2011-06-03,0.1617569494437608,0.16742220032292046,0.17149694447451333
2011-06-06,0.1669001638980356,0.17084213395737338,0.17417769266483357
2011-06-07,0.16470990669287316,0.16857899761572653,0.17211830015224208
2011-06-08,0.16973900609467055,0.17334520541933704,0.1767054519543774
2011-06-09,0.16196674085641335,0.16555256911444152,0.16912855628807838
2011-06-10,0.17200521901856128,0.17346759769672487,0.17703404647872648
2011-06-13,0.17487214439450516,0.17818123803411468,0.18074133718311206
2011-06-14,0.15901649869504722,0.16572092969499191,0.16978372966128258
2011-06-15,0.18564985672281692,0.186224811856321,0.18811831136420096
2011-06-16,0.1950411655818102,0.19310482004049379,0.19542432453714878
2011-06-17,0.19295461357463906,0.19198563375539696,0.19438999164052173
2011-06-20,0.1779307429414605,0.17891726127879054,0.18337248034980258
2011-06-21,0.1715571952544249,0.171887272224626,0.1763822854031548
2011-06-22,0.16954107339259916,0.17427650071538328,0.1794350007522534
2011-06-23,0.17670896228665667,0.17808891079318945,0.1818536308357759
2011-06-24,0.19036897555569926,0.1876541068342714,0.1907393424985813
2011-06-27,0.1838791637249428,0.18215470843379025,0.18636338169891561
2011-06-28,0.1656261222267431,0.16783970628734185,0.17529906721874142
2011-06-29,0.14968565983449084,0.15657805757208101,0.16495460634692893
2011-06-30,0.14355102516292517,0.15114883904582857,0.16000974733336817
2011-07-01,0.14093369451740997,0.1461742079119186,0.15445662923629092
2011-07-05,0.14155042395937023,0.14770308908717145,0.15650898453548895
2011-07-06,0.14694625079283138,0.15197651739970713,0.1593277043023002
2011-07-07,0.14070286607772253,0.14749691886613112,0.15552863966442257
2011-07-08,0.1435986385592726,0.14967068062971797,0.15760552759223248
2011-07-11,0.16552092166975363,0.16877204154785366,0.17402743957550376
2011-07-12,0.18065977240526115,0.1794164569389158,0.18366273318155618
2011-07-13,0.17860160438881842,0.18034997046367807,0.18468177495268262
2011-07-14,0.1830410675654679,0.18279437128801948,0.188868677787867
2011-07-15,,0.17345146165952557,0.18069755936754903
2011-07-18,,0.18430006696159634,0.1901349078717647
2011-07-19,,0.17324793004664663,0.1793371014909801
2011-07-20,0.16963481352617693,0.17148118158842768,0.17758262201471295
2011-07-21,0.15749733532352408,0.1608013005322426,0.1683563491415511
2011-07-22,0.15573832553848227,0.1603606212727196,0.16767578604747516
2011-07-25,0.17280470499709427,0.1720691853706835,0.17698618807016633
2011-07-26,0.1799765080485055,0.17895115039272566,0.18275228037692243
2011-07-27,0.20614302075112792,0.19685160979551966,0.1983948192372512
2011-07-28,0.21193082861888315,0.20263316346843938,0.2019838825547755
2011-07-29,0.22547139669524477,0.20669263737804652,0.20173458702866817
2011-08-01,0.21306394968039363,0.19954062333118947,0.19743177690636254
2011-08-02,0.2290631094652592,0.21632412077805277,0.21356716246405363
2011-08-03,0.21156616828616165,0.2076830100533148,0.2064496955159349
2011-08-04,0.28864301530423314,0.2640773965006493,0.2537587512291856
2011-08-05,0.287384944835575,0.27185381520098506,0.2644143329023075
2011-08-08,0.4329839105020404,0.3677133941556001,0.344918725563478
2011-08-09,0.30951091025449234,0.2835150830405349,0.2707334000185753
2011-08-10,0.3801147596989489,0.33838283550818454,0.3181890741607107
2011-08-11,0.3416377239762752,0.3086840908093429,0.29259656214282725
2011-08-12,0.3183839119025729,0.29742322459647036,0.2840544635295994
2011-08-15,0.2758640972656081,0.26262080859886305,0.25653699259511786
2011-08-16,0.2845003687508249,0.2700120581442375,0.2623163236218001
2011-08-17,0.2673364338894419,0.26134078951208617,0.25580112440358316
2011-08-18,0.3518536683384208,0.32336125327397824,0.30634572255435777
2011-08-19,0.3665446321447006,0.3386023477994362,0.31874572405394525
2011-08-22,0.36475082932462854,0.3436398881779087,0.32508887991365293
2011-08-23,0.31021725968024694,0.2976003789091846,0.28949448159222074
2011-08-24,0.308201078811577,0.2954548828766077,0.28749988139782956
2011-08-25,0.3491528116841776,0.31965311915047023,0.30434740696277846
2011-08-26,0.3075894648435164,0.29163603625147577,0.2824623790944588
2011-08-29,0.2788972213668012,0.2700642159519003,0.2652401512497469
2011-08-30,0.2871361050202056,0.27781326216953534,0.27274802231941325
2011-08-31,0.2772227955260787,0.272161132247547,0.2673148368969653
2011-09-01,0.28108194764318034,0.2765635924456428,0.2716097059231414
2011-09-02,0.2975526671909212,0.29324696591650085,0.28566371898832393
2011-09-06,0.3182006889959673,0.30615127981330453,0.2962624566217599
2011-09-07,0.2866043919488743,0.2807479851709564,0.2748677140508066
2011-09-08,0.3011661976336825,0.29408114367330673,0.28651928249447234
2011-09-09,0.34737099524070253,0.33060105856908356,0.31567908473704537
2011-09-12,0.34540933920558275,0.3306148845775104,0.31888063357218016
2011-09-13,0.33361745605960247,0.3231903098189873,0.3134293133739759
2011-09-14,0.3158299206970408,0.3107587139030455,0.30404447148186353
2011-09-15,0.28910352571055803,0.29017364874880175,0.2869392647890355
2011-09-16,,0.27959081157097654,0.27853526834839315
2011-09-19,,0.2908531106401236,0.28743383082878277
2011-09-20,,0.2933459300909963,0.2894908761308478
2011-09-21,0.33383910637293557,0.3208948595140847,0.31118974315213166
2011-09-22,0.37056114955960057,0.3494243803428138,0.33638691119860703
2011-09-23,0.37257931568321045,0.34968643854409387,0.3373043093465994
2011-09-26,0.3476387829634061,0.3318850475939315,0.32350557897056864
2011-09-27,0.33736651300273673,0.32400402424714825,0.3148734799537114
2011-09-28,0.3717237498031471,0.3520015220064673,0.3395765509943172
2011-09-29,0.3518470463548699,0.3382358733366618,0.32743101228528126
2011-09-30,0.3928467425650966,0.37096928235240884,0.3549804053502434
2011-10-03,0.42566481879720697,0.3982837808440934,0.3781903885680422
2011-10-04,0.37678578402986257,0.3614713381507357,0.3513898379081904
2011-10-05,0.35268342329274327,0.339947288296884,0.330740310372232
2011-10-06,0.33128023694343406,0.3246216370078189,0.3198625262494565
2011-10-07,0.33005132986687097,0.32629367747985577,0.32102664579141493
2011-10-10,0.3011335207646695,0.29865939449553436,0.2968880313830804
2011-10-11,0.29396962355967965,0.2938872099856764,0.29164088913455927
2011-10-12,0.27445179265758596,0.27505634171908044,0.2767261730276971
2011-10-13,0.2693621379438983,0.2703627479975612,0.27379297312046597
2011-10-14,0.24739039179101166,0.25040498552425805,0.2536127473084745
2011-10-17,0.29104159047812345,0.281592448292485,0.27800823158059507
2011-10-18,0.26727454039219684,0.26319624722172585,0.2660239868178821
2011-10-19,0.3009878290026373,0.29181151553001633,0.2880596215868001
2011-10-20,0.29988151255208906,0.29048941987480636,0.2864544611395543
2011-10-21,0.26849750463150784,0.26886477504605616,0.26865733760407445
2011-10-24,0.25489990989261646,0.25401396594649284,0.25559314723048593
2011-10-25,0.2810532148777302,0.27415174273663245,0.2721185531863467
2011-10-26,0.26276486463768783,0.2600089034692263,0.2598053371451994
2011-10-27,0.2195933804581448,0.22266181211602182,0.2279826487714755
2011-10-28,0.21777123641747556,0.220123955300652,0.2232361875338538
2011-10-31,0.26114543118593725,0.252888502574306,0.2507693969025629
2011-11-01,0.296028141149739,0.28287103669467695,0.28015102499834477
2011-11-02,0.2812229364272535,0.2740332700973374,0.2728233574112765
2011-11-03,0.26063674065424575,0.25759102731102934,0.2587623076582035
2011-11-04,0.25866999176469974,0.2574849590186031,0.2597934366828353
2011-11-07,0.25766187661960516,0.2561519535059493,0.2591775977877109
2011-11-08,0.23322304347335354,0.24093693649457815,0.24714443255120955
2011-11-09,0.3102488461364895,0.3013395980848219,0.2983173838373008
2011-11-10,0.2835914327935339,0.2805920823753189,0.28214368843936116
2011-11-11,0.2556947966336675,0.25986305524576025,0.2645306578620746
2011-11-14,0.2718058499917931,0.2713817524033243,0.27480826603925973
2011-11-15,0.2684553865657484,0.26906259575039115,0.27266523289607314
2011-11-16,0.2949579411022113,0.2914026282944367,0.2920713585852964
2011-11-17,0.30267733496126564,0.29865296083333953,0.30099389598963183
2011-11-18,0.28369778908374055,0.286933462272649,0.2928290632711582
2011-11-21,0.30278625896261036,0.3001970900230193,0.30471550699557776
2011-11-22,0.29579921010123456,0.29926219758906203,0.30310923921918126
2011-11-23,0.3128915706081586,0.3111724968051119,0.31555730453798275
2011-11-25,0.3178844548792689,0.31862017411239973,0.3219692391012228
2011-11-28,0.292083593677293,0.2930032937894766,0.29743715230298573
2011-11-29,0.2809534773007045,0.28515177573208494,0.2909149421211686
2011-11-30,0.24996959727182025,0.2540078740595092,0.2627358406176964
2011-12-01,0.24733689764383118,0.2528171134853047,0.26076189471939953
2011-12-02,0.24838797686693592,0.25231681778047244,0.25877477852256675
2011-12-05,0.250445331761806,0.2548243667502001,0.259900444655018
2011-12-06,0.2555002304983004,0.2593520814672007,0.2632483388454233
2011-12-07,0.2598879950862309,0.2642908207176795,0.26774692980470066
2011-12-08,0.2767932646609558,0.27935573003543834,0.28148127266674206
2011-12-09,0.23648093318622598,0.24860416843395194,0.25498102904928455
2011-12-12,0.24742902912634412,0.25799442174824117,0.2629779852497734
2011-12-13,0.2446862847907204,0.2562078890253024,0.26143255249769953
2011-12-14,0.24598512756437196,0.26013744146928164,0.2660411045250616
2011-12-15,0.23463739393796407,0.25136060225457885,0.2581272152472042
2011-12-16,,0.24821074588803668,0.2555938861963266
2011-12-19,,0.24879145257032675,0.255853092902425
2011-12-20,,0.2299591959355165,0.2356567920096259
2011-12-21,0.19989277916487314,0.2189784612821748,0.2263027128720465
2011-12-22,0.19531360887525542,0.21436728365735197,0.22190346119266677
2011-12-23,0.18908581058764432,0.21060503145421802,0.21922984720263616
2011-12-27,0.19942205093724522,0.21538893315811047,0.2219155905781062
2011-12-28,0.21520171605480365,0.22815487321412042,0.23343218041201877
2011-12-29,0.2086003845459374,0.22297200169537285,0.22878582036494768
2011-12-30,0.2119818408258464,0.22579630253154567,0.23263830953713077
2012-01-03,0.20839577367936363,0.21810551616363355,0.2244594929205758
2012-01-04,0.19749872505078514,0.2092300838834388,0.21729479717981137
2012-01-05,0.1932386653226153,0.20517963007997314,0.2123264870190231
2012-01-06,0.18642318118310544,0.19924711235125087,0.20690076187725714
2012-01-09,0.19082824745972726,0.20016750765001587,0.2079243102279135
2012-01-10,0.18658653238499343,0.19761200874208554,0.20419915717155962
2012-01-11,0.18630288977965337,0.19713124881470928,0.2063694335276369
2012-01-12,0.1819562434907444,0.1949628728535036,0.20383345814855083
2012-01-13,0.18225587678847976,0.1957852978623537,0.20760153876657889
2012-01-17,0.19256888857934518,0.2016933210460361,0.20952309536269703
2012-01-18,0.17884235081543678,0.1925750550857714,0.2025696828090119
2012-01-19,0.1690443548428817,0.1845472650830322,0.1952497329699643
2012-01-20,0.15414520735504797,0.17553102665202094,0.18781268479707589
2012-01-23,0.1615408012862002,0.1762632538421255,0.1856746982623388
2012-01-24,0.16095557050780393,0.17557411800627704,0.1854396002854931
2012-01-25,0.15784171125873206,0.16989859557749257,0.1793826284212564
2012-01-26,0.16133353421275584,0.17223881390579335,0.18172487612830066
2012-01-27,0.16469870228928657,0.17515508373298871,0.18392814208589567
2012-01-30,0.17004311443272846,0.17864891101855987,0.1856636874160774
2012-01-31,0.1702567498891538,0.18043800553777117,0.1887929616378343
2012-02-01,0.16335196760367227,0.17360052732974057,0.1818934252823505
2012-02-02,0.15511187622943265,0.16762595866114174,0.17722646311959095
2012-02-03,0.14859661572460806,0.16014846600498958,0.1689836330212764
2012-02-06,0.15382744151221733,0.1630125077502495,0.17131102946389218
2012-02-07,0.15287040986541808,0.1618712403263042,0.1699850041958167
2012-02-08,0.1542255395679089,0.16524325170591256,0.17371367648384398
2012-02-09,0.15633971644305214,0.169638194848709,0.1797148720987135
2012-02-10,0.17245829088617298,0.18255165088762415,0.19080961684217926
2012-02-13,0.1590779148173141,0.17209620839586312,0.18201374383250224
2012-02-14,0.16008514977964575,0.17754162905809426,0.1878406190817804
2012-02-15,0.17514000091002685,0.18911000250745466,0.1983067758344568
2012-02-16,0.15561401349842338,0.17415149250001927,0.18588519894975067
2012-02-17,0.14720279191198327,0.16835251774079696,0.1804624359464626
2012-02-21,0.15483894942245233,0.169254015425003,0.18188380531144832
2012-02-22,0.1526554362087172,0.1674320806517113,0.18106787033689636
2012-02-23,0.14000234058246874,0.15537300979954438,0.16919084369833073
2012-02-24,0.1434132385041488,0.15874205020955595,0.17244583184263795
2012-02-27,0.15260758732854607,0.16405964065929343,0.1758499761945832
2012-02-28,0.15188334174714002,0.16375383438069946,0.17462128113655306
2012-02-29,0.15378634479927608,0.16479264494796297,0.17517095943868843
2012-03-01,0.14277889779744474,0.15607722999616952,0.16847728493276481
2012-03-02,0.14389137177711195,0.1587687570550813,0.1713053468984859
2012-03-05,0.15063717876431174,0.1639105247934769,0.1755994842328932
2012-03-06,0.17462675517248055,0.18373263122223413,0.1930543836420844
2012-03-07,0.15999219629224934,0.1726165430711588,0.1834942617414121
2012-03-08,0.15139546333850798,0.16390027190914683,0.17546796683834368
2012-03-09,0.14618103270351412,0.15976778597578786,0.17138460548038004
2012-03-12,0.1396882648369198,0.15522468908459203,0.16727471216525142
2012-03-13,0.1376718818075363,0.15023797812826262,0.16031830786698345
2012-03-14,0.1428796757454203,0.156126673311284,0.16766952315019015
2012-03-15,0.1372176881827425,0.15404057062569165,0.16588026110450219
2012-03-16,,0.14845351105582802,0.16207823501002028
2012-03-19,,0.14747666800202525,0.16063206906571995
2012-03-20,,0.1498680292386538,0.1624215672851412
2012-03-21,0.1329320782899698,0.14636907889655854,0.15779783072216838
2012-03-22,0.13690241856353516,0.15050246570526823,0.16087922172866026
2012-03-23,0.12909989745691375,0.14240991433631214,0.1539702772927677
2012-03-26,0.12358186686297758,0.1325271683886473,0.14266988168408437
2012-03-27,0.13725891872534826,0.14620991126153343,0.15428845180952255
2012-03-28,0.135507716882747,0.1453122681291016,0.15410726379080508
2012-03-29,0.13382686225877474,0.14546757235720645,0.1555451177387775
2012-03-30,0.13383375574259193,0.14493097903679883,0.1542316996651842
2012-04-02,0.13420153441104685,0.14483538063283571,0.15359377501671598
2012-04-03,0.13544783228831986,0.14699783313078038,0.15521372003750156
2012-04-04,0.14408171761551214,0.15436545545444402,0.16336517865351993
2012-04-05,0.1483775297974007,0.15882946218224722,0.1659922577867441
2012-04-06,0.1511960372400623,0.16043688160929234,0.1670902874049163
2012-04-09,0.16665489321088214,0.17380737435044807,0.17851371544435105
2012-04-10,0.18323565850016588,0.18739768828902262,0.19275943855651106
2012-04-11,0.17819379708312078,0.18535573195150534,0.19055435081046487
2012-04-12,0.1549649435085693,0.1639862389668435,0.1723736946402547
2012-04-13,0.17627962758127427,0.1820100058707736,0.1880579982906807
2012-04-16,0.17847680169388874,0.18297532353306215,0.18841034724112377
2012-04-17,0.16317020431311396,0.16989166231559313,0.17792792706994692
2012-04-18,0.1655824283443325,0.17298647866835748,0.18108960669965463
2012-04-19,0.16583036466178583,0.174399101495679,0.1803276821975645
2012-04-20,0.15541955777856525,0.16657499726552957,0.17266800616942204
2012-04-23,0.1696839000619055,0.17702626290086598,0.18413647760140836
2012-04-24,0.16363006845006908,0.16987652836139594,0.17573056523911365
2012-04-25,0.14936698362280867,0.15683090714643794,0.16438187334512921
2012-04-26,0.1432778809784462,0.15186632041510614,0.15905085279520226
2012-04-27,0.14247127855794614,0.15274612709510713,0.16022605323296285
2012-04-30,0.15005625920323235,0.15753987718371298,0.16493105504184874
2012-05-01,0.1461214922601155,0.15394552906086276,0.16012670955132446
2012-05-02,0.15003303391845976,0.15666592726595802,0.16235954806339828
2012-05-03,0.15641065481322391,0.16170443888760108,0.16683857074453343
2012-05-04,0.17070241178340145,0.17531984287145266,0.17976740484579026
2012-05-07,0.1696729575249901,0.1724219624274739,0.17696013722134446
2012-05-08,0.1695230742605003,0.17454542833366848,0.18000567332574502
2012-05-09,0.18183754695681936,0.18304672156848545,0.18672043921264334
2012-05-10,0.16919590946999827,0.17400765152330963,0.18150248060077256
2012-05-11,0.18053458363951908,0.1825906695489107,0.18699823767488258
2012-05-14,0.19615996107631395,0.19544043571967268,0.19874984091812833
2012-05-15,0.19665262091615682,0.20303581941455867,0.20721449670317557
2012-05-16,0.19928163067775423,0.20612200737792036,0.21112501681439105
2012-05-17,0.21487702759966726,0.21992514896525991,0.22494759132376702
2012-05-18,0.22277531830166716,0.22931584108301264,0.23256100219135456
2012-05-21,0.19473713059659814,0.20127623124311594,0.2099318499186427
2012-05-22,0.19745283172453468,0.20408003397220711,0.21280141781472547
2012-05-23,0.19691911044245208,0.20430498409331962,0.2117958879466598
2012-05-24,0.18909038558016222,0.201261896457872,0.20842929141259597
2012-05-25,0.1920796040442485,0.20306498648379823,0.20981146892988217
2012-05-29,0.18323959984691415,0.19384725351585363,0.20137530505115775
2012-05-30,0.21274966945233606,0.2182473612406121,0.22205340084644715
2012-05-31,0.20890182301258386,0.21477810858322494,0.22014847721615202
2012-06-01,0.2398608735458128,0.24214288270800194,0.2433569782203313
2012-06-04,0.2342385386269805,0.23794414750234286,0.23958897759179498
2012-06-05,0.2247199003198449,0.22799629676967953,0.2300037549402095
2012-06-06,0.1959402211708689,0.2035858620237979,0.20842912556526594
2012-06-07,0.1942481065748035,0.20113219119420286,0.20664146116285156
2012-06-08,0.18497295022496102,0.19149243235607286,0.19762445290869446
2012-06-11,0.21760970652901301,0.21773291933719602,0.22036113039051908
2012-06-12,0.20246017452233697,0.20516364338809837,0.2096228072308483
2012-06-13,0.2184904925054756,0.21943384725490245,0.22137423040091722
2012-06-14,0.20366617741606066,0.20539500973488004,0.20789964783070072
2012-06-15,,0.1938575941484278,0.1976178784063671
2012-06-18,,0.17760439565734726,0.183635841109125
2012-06-19,,0.17469246381131073,0.18149261903022915
2012-06-20,0.15620830620334045,0.16782220419977906,0.1747629784259237
2012-06-21,0.18170357747219673,0.19003785603628473,0.19432974649073986
2012-06-22,0.16848437477302483,0.1779905712504548,0.18355908944945196
2012-06-25,0.1904751903637806,0.19501582385212626,0.19795598326893882
2012-06-26,0.18321068994315956,0.1892015098616167,0.1921468507671081
2012-06-27,0.18036894322153513,0.18670193536569507,0.1908927775932838
2012-06-28,0.18253606356333116,0.18719518384644257,0.19052495399860855
2012-06-29,0.15312212729495142,0.1639554872331795,0.1712594366832828
2012-07-02,0.14938895335539865,0.1592826021342336,0.16763799377910077
2012-07-03,0.1469025027211986,0.155955864618296,0.16373686140404378
2012-07-05,0.15900869683094326,0.16691237700403286,0.1727979394220975
2012-07-06,0.157308993884951,0.16633745162608476,0.1731397419718578
2012-07-09,0.163194915065593,0.16900932082118525,0.17643082709075114
2012-07-10,0.17124216973690032,0.17687699488063577,0.1820970769214317
2012-07-11,0.1655509569731037,0.17130200858654046,0.1770940428621948
2012-07-12,0.16750945535560338,0.17338621396787246,0.18104773450264958
2012-07-13,0.15261975460568292,0.1620252263881542,0.1686300166716513
2012-07-16,0.15879681348761873,0.16543311971926616,0.17156229547088117
2012-07-17,0.14866173319304302,0.15747266654690195,0.16641675611752157
2012-07-18,0.1478994834242021,0.15641845840421728,0.1650633083896585
2012-07-19,0.14340982839855373,0.15434428839327707,0.16243560947662153
2012-07-20,0.14513115672029936,0.15864294806330037,0.17119691304320503
2012-07-23,0.16526988939517567,0.1730523457219524,0.18507335610930467
2012-07-24,0.18306921403223775,0.1857772191214534,0.19607532125543528
2012-07-25,0.17206499140368153,0.17871451158858243,0.18732545745506912
2012-07-26,0.15785754274824243,0.16470641006795053,0.17399110172844925
2012-07-27,0.14969373082815046,0.15836557572969331,0.16872647712699507
2012-07-30,0.1618485132806882,0.1650968149508599,0.17428614558721786
2012-07-31,0.16903623641105742,0.17194123199393124,0.18146413524190194
2012-08-01,0.17303497383056426,0.17359928070026176,0.18105120023743382
2012-08-02,0.16026014417830328,0.16591576888778123,0.17492005418557163
2012-08-03,0.14088374589248667,0.15127482394431038,0.16305278351678273
2012-08-06,0.14394645613813753,0.15259166402605387,0.1632653327759185
2012-08-07,0.14684773378411856,0.15555973094100367,0.16531538451581204
2012-08-08,0.13940369898073565,0.15135581736028245,0.16236841796327417
2012-08-09,0.13514704502754807,0.14704752216067743,0.1588038742881712
2012-08-10,0.1326603567786209,0.14568746771902594,0.15766304908960813
2012-08-13,0.1321155933440647,0.1454354473314996,0.15636613462923282
2012-08-14,0.14052151191284695,0.15251672327850455,0.16286727560703995
2012-08-15,0.13724934841112862,0.15394935770086007,0.16476491771060522
2012-08-16,0.13248271667298891,0.15069066127817096,0.16247600511098512
2012-08-17,,0.1438719625630267,0.157801517961655
2012-08-20,,0.14477874736303759,0.16110846314152297
2012-08-21,,0.15045898573785998,0.16381131383678696
2012-08-22,0.13077682752228587,0.15189622480983558,0.1651698668071736
2012-08-23,0.13952104278327504,0.15879462211115059,0.17046687086917212
2012-08-24,0.1321263188542506,0.15281615497168752,0.16650256953807321
2012-08-27,0.14334134870870532,0.16103022968836375,0.17218812973796027
2012-08-28,0.14748082522298017,0.16438223157185888,0.17467998476646746
2012-08-29,0.1535895447546365,0.1677614033257203,0.1779562134465101
2012-08-30,0.16061970331252454,0.17303206914920488,0.1819798373814709
2012-08-31,0.15080802732433024,0.16494814977716737,0.17561986446988959
2012-09-04,0.15670097899293245,0.16677288189146053,0.17571932114072283
2012-09-05,0.160030608951467,0.167322776453897,0.1751062668264086
2012-09-06,0.13595302815151425,0.14803230889534594,0.15759876174144574
2012-09-07,0.1249764988537124,0.13916404423939505,0.14999321508870564
2012-09-10,0.14446025730960238,0.15210079013260255,0.16085774172430642
2012-09-11,0.14326138120228082,0.15092481421003046,0.1590332907223639
2012-09-12,0.13601682916398974,0.14305739944691537,0.15258772006585497
2012-09-13,0.12907362154534688,0.1366072080104834,0.14347268628473933
2012-09-14,0.13108669000796444,0.13905507862540828,0.14627801238710372
2012-09-17,0.12937389334102886,0.14134197122862885,0.1495207866039854
2012-09-18,0.12406566956012861,0.13443310451967413,0.1432380976177236
2012-09-19,0.12093791110000174,0.13428658794514184,0.14169901676447488
2012-09-20,0.11794434039788088,0.13283520291661866,0.14168697263528315
2012-09-21,0.11547389360538492,0.1328089871743736,0.1425240986334876
2012-09-24,0.12037017397098809,0.13376848752478826,0.14219471159746233
2012-09-25,0.13370481094616257,0.144259230808593,0.15127391053169947
2012-09-26,0.14448627931441083,0.15238613922180708,0.15842711713549826
2012-09-27,0.12678850811926692,0.13714025025847154,0.14408758143494604
2012-09-28,0.13383005342484905,0.14362172483133515,0.1500299905220062
2012-10-01,0.14164449043882216,0.14773564127347424,0.1528224190686604
2012-10-02,0.1358726411569958,0.14344149659466188,0.149351894065775
2012-10-03,0.13389027216179866,0.14155037093981723,0.14813633338493407
2012-10-04,0.13004504997922023,0.13736297371687486,0.1440111768779575
2012-10-05,0.12725232444478218,0.1367395342803054,0.1433456246203455
2012-10-08,0.13442152254125841,0.14149819232154723,0.14737814215708217
2012-10-09,0.14564752944649104,0.15087634070379402,0.15503533669294478
2012-10-10,0.14552223259844366,0.1514170605973567,0.1563795681488747
2012-10-11,0.13757700505244033,0.14549299142484937,0.15241710791403526
2012-10-12,0.145041592081885,0.1509781334702076,0.15517198228631096
2012-10-15,0.135646975971279,0.1428784621555151,0.1480444871733439
2012-10-16,0.13423648066088026,0.141178410151744,0.14834772475090652
2012-10-17,0.1320253588590594,0.13917340608241516,0.14473190188754873
2012-10-18,0.1307843654941446,0.13877831667144153,0.1436383847397045
2012-10-19,0.14523818915664907,0.15014571547583772,0.15715378846980713
2012-10-22,0.14487438088780008,0.14701667368078564,0.1524955258621786
2012-10-23,0.16819573990288245,0.1658583314478896,0.16834121072076896
2012-10-24,0.16332625178461702,0.16195813407096687,0.16515598713180002
2012-10-25,0.16035086580735075,0.15874759548773687,0.16322950024893712
2012-10-26,0.1572561979594733,0.15618713925604966,0.16276884927968757
2012-10-29,0.1644648966301471,0.16086837764023235,0.1662943041763512
2012-10-30,0.16679898795758843,0.16239850740154496,0.16745167421903187
2012-10-31,0.16616956903743643,0.16202526821253943,0.16550756047517776
2012-11-01,0.14903752477000606,0.14828851828386044,0.15417087331905757
2012-11-02,0.15911640797954685,0.15715042731382428,0.1608572522909734
2012-11-05,0.16634191564664796,0.16205175234066713,0.16466232772919195
2012-11-06,0.1576082772780907,0.15382647919411765,0.15750580577645984
2012-11-07,0.1731717839830686,0.1717293363199518,0.17522642082830014
2012-11-08,0.16857308225746478,0.17032883966411053,0.17532250633517832
2012-11-09,0.1708365152060937,0.17260585237488965,0.1780492274273302
2012-11-12,0.15821770190754822,0.1632923005933083,0.1703107154566641
2012-11-13,0.15852392341756316,0.1614884938286499,0.1701656464993638
2012-11-14,0.1690216029543737,0.1727891485664188,0.17989926812295576
2012-11-15,0.16926122155987308,0.17224516937224962,0.177106378318098
2012-11-16,,0.1588775571394054,0.16713118934964352
2012-11-19,,0.1460945229277013,0.15657412779266447
2012-11-20,,0.14285097835510976,0.15258616108372075
2012-11-21,0.13683669060655135,0.1460026508669145,0.15551677255569119
2012-11-23,0.13436335464175908,0.14076761199789337,0.14984233691003193
2012-11-26,0.1389081033260515,0.1451384032215757,0.152645647768778
2012-11-27,0.14446234830753696,0.14911050203254828,0.1565330741566554
2012-11-28,0.14039879956734877,0.14588975740626178,0.1525674330662532
2012-11-29,0.1349459301431357,0.14116973055447793,0.14860899302688813
2012-11-30,0.1436848061488101,0.1473511566601169,0.15237546153539155
2012-12-03,0.15104812877938537,0.1544854201795824,0.1594840000154635
2012-12-04,0.15595834091525143,0.1595014904286964,0.16244969943589505
2012-12-05,0.1510962672949659,0.15770522281673643,0.16085487499930173
2012-12-06,0.1512192260348283,0.15715827736483232,0.16088894721903227
2012-12-07,0.14471198015316872,0.15145558975746673,0.15574972616686714
2012-12-10,0.14719288310917353,0.1515490815046551,0.15502318363462028
2012-12-11,0.1414772592945814,0.1467163722682069,0.15122905397120676
2012-12-12,0.14465186302899202,0.15094016360532514,0.1561074541768617
2012-12-13,0.15017541235243728,0.1564863171366028,0.16082118355212263
2012-12-14,0.1519407393072142,0.1565466035830639,0.16064992352811533
2012-12-17,0.1482503076185053,0.15173166251166745,0.15611538239542877
2012-12-18,0.1395439654845063,0.14522462061167946,0.150149212586699
2012-12-19,0.15007617415071622,0.15379066795704305,0.15759622184408717
2012-12-20,0.1507183717185053,0.15405055447795182,0.15749842287317006
2012-12-21,0.1516456648578603,0.15817955005970516,0.1628972873330722
2012-12-24,0.16014591631236927,0.16323765955348882,0.16650939100349274
2012-12-26,0.168446618179835,0.17075489580791653,0.17448126469782277
2012-12-27,0.17229672939395665,0.17210717022765115,0.1741017532670297
2012-12-28,0.20154939737261177,0.19400842275781366,0.19287415894004706
2012-12-31,0.1627948110412931,0.1621972640277373,0.16460230362761996
2013-01-02,0.13081190570230852,0.13911462944944908,0.14506474412392745
2013-01-03,0.12991536692555583,0.139301005882352,0.1470687251457445
2013-01-04,0.12572707265319524,0.13806313998988232,0.14552131267964874
2013-01-07,0.12499770777937799,0.13902472153223558,0.14573101222737592
2013-01-08,0.12463941749013485,0.1387814960048542,0.14601457062717246
2013-01-09,0.1249968524329997,0.13977185630824898,0.14655609349710516
2013-01-10,0.12264928396870517,0.13758943215492656,0.14361101787405697
2013-01-11,0.12255459977009285,0.13552608127700377,0.14256833515983858
2013-01-14,0.12347795223568499,0.1377287594079329,0.14593240638741758
2013-01-15,0.12256425823584004,0.1381460415568143,0.1450043569881069
2013-01-16,0.12008556145383456,0.1370703010246506,0.14459385209209297
2013-01-17,0.12001780059544366,0.133870445122577,0.14073705743723655
2013-01-18,0.10843638649365128,0.12427376299219113,0.13583585831112274
2013-01-22,0.10724469416410748,0.11925964251699467,0.12857326119140614
2013-01-23,0.10741385437018927,0.11719990574982941,0.12491533232856523
2013-01-24,0.10866182097038844,0.11847507054225628,0.12587704721554654
2013-01-25,0.11144381373953441,0.11926763460583573,0.12578635161836155
2013-01-28,0.11816624924765316,0.12433481896728076,0.12952501822637025
2013-01-29,0.11422527334669474,0.11897249060586658,0.12409348944036294
2013-01-30,0.12446511878646373,0.12788545052733938,0.13217758636117952
2013-01-31,0.12328004380305227,0.13017627322566006,0.13594194597759565
2013-02-01,0.11241015652586561,0.1204023511455041,0.1267890115090238
2013-02-04,0.12567713517884865,0.13113058289607993,0.13679288121139455
2013-02-05,0.1175730862883976,0.12356364467823605,0.12979787751490102
2013-02-06,0.11682699987566435,0.12392709709991212,0.13114125656101117
2013-02-07,0.1154287688892905,0.12380915383424436,0.13040860466188925
2013-02-08,0.11241355232760696,0.1214689447785184,0.12892657422699713
2013-02-11,0.10963553110177919,0.12062700768266414,0.12725450748796927
2013-02-12,0.10780095988968463,0.11722816155793984,0.125162664747162
2013-02-13,0.11018072238477053,0.12019211752630347,0.12692292338066344
2013-02-14,0.10477984521811984,0.11754181341999338,0.1259610043271181
2013-02-15,0.10385639999597546,0.11532044389932575,0.12281087443231212
2013-02-19,0.10121552584783812,0.11162240203387114,0.12062480018113293
2013-02-20,0.12744877213425312,0.13027718683592815,0.1340771481928319
2013-02-21,0.13263467690862388,0.1331861082560431,0.13716877485586595
2013-02-22,0.12143169265422295,0.12492625159386034,0.12949286310902688
2013-02-25,0.16817052220543738,0.15925481925669024,0.15684610915597877
2013-02-26,0.14867471570732016,0.14898421424181155,0.15040052941255005
2013-02-27,0.12734775689858865,0.13006880630638923,0.13463538847006384
2013-02-28,0.13252918914601491,0.13557192914903574,0.13926952799788053
2013-03-01,0.130506382655812,0.13472492273485276,0.1389050576614734
2013-03-04,0.11917699875414085,0.12562833280197694,0.13141330823109687
2013-03-05,0.11538961425186485,0.12256686196426504,0.12865555908023835
2013-03-06,0.11640773310708952,0.12326001144896598,0.12882026724518558
2013-03-07,0.111712172521886,0.11982069395341002,0.12602967342032634
2013-03-08,0.10765478997860917,0.11732668352734718,0.1252494733673398
2013-03-11,0.106015358287858,0.11534193735763806,0.12275743269159285
2013-03-12,0.11041648811199026,0.11842816374765357,0.12516489989848725
2013-03-13,0.10521015794235385,0.11568635081004527,0.12349706456027244
2013-03-14,0.10000191792333794,0.11154999247544811,0.11924874900975269
2013-03-15,,0.11133508550648812,0.120611179537648
2013-03-18,,0.12596345316308732,0.132441054729743
2013-03-19,,0.13116747684845861,0.1354606532542296
2013-03-20,0.1100137469754216,0.12095244054429245,0.12778145899815815
2013-03-21,0.12382259856911873,0.12948835992153707,0.1340107313876809
2013-03-22,0.12068059174996153,0.12872911049941768,0.13262454549225144
2013-03-25,0.12398313354694039,0.1287022170810626,0.13167916660069476
2013-03-26,0.11553907916652226,0.1232027641588831,0.12808986118938503
2013-03-27,0.11794047455875108,0.12448925120768728,0.12903654885725707
2013-03-28,0.11007724599888262,0.11891570127566459,0.12496540545944644
2013-03-29,0.11260264523755004,0.12011955193528578,0.12589411232152747
2013-04-01,0.12067952201052558,0.12640235821021983,0.1314482820200848
2013-04-02,0.11201643360215527,0.11935360835697278,0.12513239901340661
2013-04-03,0.12486423577237128,0.1276166549409479,0.13311500333771364
2013-04-04,0.12329836553520937,0.12697138408187938,0.1315799800106161
2013-04-05,0.125653659461574,0.12952776563120313,0.13389668751217274
2013-04-08,0.11759865794495264,0.1226893403857747,0.12738005616172626
2013-04-09,0.11322467600085172,0.11958782487363451,0.12583271411506688
2013-04-10,0.10773810719407062,0.11453600535350102,0.12143882917258436
2013-04-11,0.10796997894500138,0.1159147652948697,0.12274493094667557
2013-04-12,0.10961404792782496,0.1175589116276156,0.1238068806424708
2013-04-15,0.15274815890278123,0.1507686766456183,0.15140949799891212
2013-04-16,0.11992516382312164,0.12660526045836112,0.13103023514353582
2013-04-17,0.1449574569425897,0.14553747537192047,0.1481559619327817
2013-04-18,0.15348302282642015,0.1522382228318073,0.15342560407769948
2013-04-19,0.1299248707989533,0.13509612672941299,0.14159541343856885
2013-04-22,0.12834050318616946,0.1316710632589232,0.13704926435895848
2013-04-23,0.11655513950261179,0.12299554129190017,0.1280600372226559
2013-04-24,0.1198617049396175,0.12432457420828927,0.1295305533093724
2013-04-25,0.1222582043418842,0.12564087436582203,0.13072751093957852
2013-04-26,0.12285958322721575,0.12604541835490185,0.1315451639107637
2013-04-29,0.12046413110646048,0.12514363384358604,0.13134507304493592
2013-04-30,0.12143446087052054,0.12462686674941718,0.12931396764155648
2013-05-01,0.1307536319337778,0.1321367930765369,0.13632276484596356
2013-05-02,0.12234296424245994,0.12634976167562806,0.13133089638893614
2013-05-03,0.1132474011327595,0.119224933729854,0.12521275547019914
2013-05-06,0.11193734715208178,0.11897676929464011,0.12526517290402903
2013-05-07,0.11278329731182277,0.1186543514489292,0.1253324987250154
2013-05-08,0.11090194021932137,0.11880282132546592,0.12561040480481594
2013-05-09,0.11489069284751662,0.12184475087535797,0.12998236382469755
2013-05-10,0.11099436457926506,0.12031078712473364,0.12898680170115956
2013-05-13,0.11607042794547577,0.12442688905620282,0.13281218659764837
2013-05-14,0.11559720597538507,0.12552289287066834,0.1335732180916656
2013-05-15,0.1151689992274604,0.1240524937217883,0.13264142624573572
2013-05-16,0.11628222074055378,0.12752153667832578,0.13575925498666752
2013-05-17,,0.12341104453731239,0.13352314211621713
2013-05-20,,0.1262080445093609,0.1340205799034464
2013-05-21,,0.13188397806301816,0.13989908349908128
2013-05-22,0.12347024847065222,0.13363653923857316,0.14054993465750965
2013-05-23,0.12457077444500061,0.13376872705942863,0.1412209570503788
2013-05-24,0.12440626839605431,0.13225314536290783,0.13927035226458778
2013-05-28,0.1301306063933999,0.1351522830057129,0.1405354666717006
2013-05-29,0.1349027564342398,0.13894623693701824,0.14310307398937722
2013-05-30,0.1286978695091913,0.13541290456339394,0.14098058740269684
2013-05-31,0.1464142209649778,0.14844772682329235,0.15101338350734003
2013-06-03,0.14663734696620126,0.14846472330045135,0.15123724988017462
2013-06-04,0.14930945005152468,0.15103508675898503,0.15338633109249372
2013-06-05,0.15968574691648893,0.15903451427757165,0.15996539248664612
2013-06-06,0.15264949751755313,0.15398500813157195,0.15530110568725064
2013-06-07,0.1374911444284804,0.14328770383913017,0.14687174434548544
2013-06-10,0.14116505376741081,0.144763404094836,0.14777940542033663
2013-06-11,0.15655809611998706,0.15720683415405437,0.15819517821682977
2013-06-12,0.16980552272522723,0.16938765645636528,0.1688353242334095
2013-06-13,0.15115330715264003,0.154434575646937,0.15647053071576486
2013-06-14,0.15722561861343992,0.15919161547442412,0.16103973109660016
2013-06-17,0.15481298599249485,0.1546365469293439,0.15722193051650332
2013-06-18,0.15109299164995593,0.15312997136703754,0.1548974259115702
2013-06-19,0.15137316070890716,0.15268390845768773,0.15503404198792448
2013-06-20,0.18550235010972205,0.1791646690429642,0.1758734743187664
2013-06-21,0.17298528072945682,0.16956335347980775,0.16915936177751992
2013-06-24,0.18714288908768298,0.18253490483573742,0.18069654449714673
2013-06-25,0.172911943908994,0.17113716967655765,0.17145441960037555
2013-06-26,0.16013095502405697,0.1618162898696434,0.16426651618561341
2013-06-27,0.15658358015478913,0.16058760188665958,0.16331297511846013
2013-06-28,0.15726178842373995,0.16050516552770067,0.16241944908436198
2013-07-01,0.15371719799433825,0.15700382501595964,0.1597225579647575
2013-07-02,0.1539825428979977,0.15763386103721697,0.1604847166743767
2013-07-03,0.15106201920453582,0.15444659375349323,0.15777793377756308
2013-07-05,0.13857902671295683,0.14528167066742725,0.14953828847009304
2013-07-08,0.135587241222986,0.14058362304398678,0.1455409298367253
2013-07-09,0.13276024111772172,0.13758411281022337,0.142309202989572
2013-07-10,0.12973766389057928,0.1351310522839966,0.1414344307143149
2013-07-11,0.12821256745850068,0.13368435181159466,0.1389308739371294
2013-07-12,0.12850175503757666,0.13543779183487997,0.14061031875352525
2013-07-15,0.12872107755874046,0.13454470034248922,0.14042728231181736
2013-07-16,0.13197048500513187,0.1387426260550402,0.14378851190829828
2013-07-17,0.12656341292496073,0.13335637354586366,0.13936731238492545
2013-07-18,0.1243091470058829,0.13266354349772216,0.13874591107835102
2013-07-19,0.11416554798633362,0.12536900985910768,0.13322288118549924
2013-07-22,0.11232931066459688,0.12164033412539896,0.13005033474384933
2013-07-23,0.11374415034735852,0.12273784581991508,0.13210360349368838
2013-07-24,0.11733590621546106,0.12650642570645101,0.13570148392095555
2013-07-25,0.11754329772841558,0.12545107796340535,0.13308575536393677
2013-07-26,0.11634823869555684,0.12455923879310721,0.13229198400808803
2013-07-29,0.12272990947650339,0.1286301275715213,0.135176653805914
2013-07-30,0.12016954491909976,0.12550189095473588,0.13205690624475383
2013-07-31,0.12358617735011282,0.1276510349335367,0.1335616857046743
2013-08-01,0.11822981994862325,0.12360196862866188,0.1300902158629142
2013-08-02,0.10881885730895462,0.11735669641895884,0.12564844830073013
2013-08-05,0.10844015662970719,0.1173035944542175,0.12512276523025367
2013-08-06,0.11406862834937928,0.12331243460045518,0.131029128081023
2013-08-07,0.11546620336883025,0.12523681585843116,0.13326363369041722
2013-08-08,0.11444512328252748,0.12412055857878725,0.1316316181022852
2013-08-09,0.12034064107482706,0.12777117318988837,0.1344633967138973
2013-08-12,0.12266746710790828,0.13044652055039302,0.13641002965700635
2013-08-13,0.1170830500977838,0.1255837361528026,0.13308350661959148
2013-08-14,0.12176416918304234,0.13019637749099747,0.13667745915619062
2013-08-15,0.13643016432769953,0.1415091426520687,0.14622370396538575
2013-08-16,,0.13898647688253796,0.14412948125420333
2013-08-19,,0.14379623354639928,0.14697635043137358
2013-08-20,,0.14232123168982094,0.14519112951105342
2013-08-21,0.1442945527543888,0.14880097698999842,0.15113982863415984
2013-08-22,0.13144146526467482,0.1382146237989072,0.14266525164623103
2013-08-23,0.12415141594079174,0.13493453607272238,0.1396408799561535
2013-08-26,0.133910823112579,0.14192503966013062,0.14614649454593057
2013-08-27,0.1507297006599217,0.15649882147789945,0.15803027764179584
2013-08-28,0.14936603441264837,0.15497576927585294,0.15750189336734144
2013-08-29,0.1527783475317965,0.15819878560466397,0.16029230580729822
2013-08-30,0.15643522480268365,0.16081611762236783,0.16250957756259635
2013-09-03,0.15387416553916414,0.1574926433336686,0.1585726560760562
2013-09-04,0.14607384746802943,0.15259349349424367,0.1548582489583049
2013-09-05,0.1437518564275248,0.14950786914376102,0.15264541686420685
2013-09-06,0.14384069735661503,0.1489697218062765,0.15153125227741232
2013-09-09,0.14201091672985225,0.14564712166094518,0.14839754366866797
2013-09-10,0.13149441067880718,0.13740288471562223,0.1410328252160434
2013-09-11,0.12491338224975666,0.13064211883040527,0.13532897699666233
2013-09-12,0.12792288399732749,0.13287134560311337,0.13770028808615659
2013-09-13,0.12779338941907123,0.13338455824683185,0.1374430368571167
2013-09-16,0.13014427302293727,0.13394272270159158,0.13735534297631735
2013-09-17,0.1284932393926991,0.13271464910085656,0.13600382019891522
2013-09-18,0.12391007493365036,0.12883468606300397,0.13231282024073873
2013-09-19,0.11903173881712249,0.12782980043345032,0.13288004334651313
2013-09-20,0.11978921198572083,0.13048474382410125,0.13599298640980287
2013-09-23,0.12805365579676653,0.13602012944293715,0.1401767493758539
2013-09-24,0.12730415796814637,0.1346397899482962,0.13933386377972873
2013-09-25,0.12719277769764809,0.13394169163212633,0.1382647027139586
2013-09-26,0.12597566152988476,0.13247707269282016,0.13668420089379288
2013-09-27,0.13630793627562504,0.13843418620702624,0.14086767987336676
2013-09-30,0.1477175498628667,0.14656078905931147,0.14821828160565922
2013-10-01,0.13533346800191168,0.13809176431946146,0.14053799854462545
2013-10-02,0.14445207022787585,0.14521825933919916,0.14696923403521578
2013-10-03,0.15596395745009278,0.15459366209606262,0.15453041262698472
2013-10-04,0.14667337438191955,0.1482364154811162,0.14936168733539462
2013-10-07,0.1714881414800775,0.1659502434367531,0.16519480330079078
2013-10-08,0.18368045091070034,0.17611408772562795,0.1732512881390669
2013-10-09,0.17523619238068788,0.16956561114066657,0.16949066882571018
2013-10-10,0.14834171236730342,0.14836343289842455,0.15025831261786424
2013-10-11,0.13345982497256328,0.1373230629795236,0.14336050062737155
2013-10-14,0.13885857405718016,0.1393430081128231,0.14381621995316557
2013-10-15,0.15930638689075802,0.15468001281500934,0.15461458788963264
2013-10-16,0.12683678192991338,0.13012655155344854,0.13668737161611072
2013-10-17,0.1141551894560739,0.12034900979142052,0.1276964790219257
2013-10-18,0.10917805052629774,0.11612044045353358,0.12247556023757519
2013-10-21,0.10883313343237602,0.1172974668759163,0.12477373261290586
2013-10-22,0.11211903653619815,0.11970204074001504,0.12623509937627994
2013-10-23,0.11299421929884738,0.11983463601397744,0.126394221957666
2013-10-24,0.11113360104432032,0.1179462081067109,0.12490437841207336
2013-10-25,0.1101597283731977,0.1176539111062619,0.12468940427080748
2013-10-28,0.11350932213101637,0.1195385696266589,0.12605722058229218
2013-10-29,0.11636646348114633,0.12126769749501361,0.12680772100464546
2013-10-30,0.11875244513615911,0.1230851903723839,0.1285088916344693
2013-10-31,0.11940234862655669,0.12412041421526514,0.12971889060100894
2013-11-01,0.11476221715083784,0.1216507706674055,0.12836588060771856
2013-11-04,0.11212979249569151,0.11931374137352826,0.12669739688771356
2013-11-05,0.11766396116103164,0.12286910357512354,0.1289149399673245
2013-11-06,0.11355685087761345,0.11962725151516783,0.12708121149479598
2013-11-07,0.12289511040478034,0.1270800394586814,0.13301572402409767
2013-11-08,0.11334671665909112,0.12004969070775283,0.12681461992305085
2013-11-11,0.11386995131150614,0.12116246338507514,0.12787005903270457
2013-11-12,0.11407149325167648,0.12046191458677638,0.12863656437647378
2013-11-13,0.10972230955344076,0.11954138086432234,0.1274400186479582
2013-11-14,0.10756868493749953,0.11839348873927852,0.12793393288048072
2013-11-15,,0.11697406189968543,0.12757253867202176
2013-11-18,,0.11973994642446498,0.1293838454419321
2013-11-19,,0.12138082649057377,0.13076439343811397
2013-11-20,0.10930366052314298,0.11881072688106194,0.12785698196565332
2013-11-21,0.10546321168889583,0.11719999603356436,0.12545293842869046
2013-11-22,0.10015484775254864,0.1116313515792772,0.12045556526609384
2013-11-25,0.10579191450860055,0.11599821873654394,0.12331015269228301
2013-11-26,0.1075126321531787,0.1177526859389496,0.12477000322704351
2013-11-27,0.10680248725558332,0.11764144079238005,0.12458215556625972
2013-11-29,0.11360839465285424,0.1215727792789823,0.1282493999606066
2013-12-02,0.11669905678745204,0.12389924142790672,0.13027994762266326
2013-12-03,0.1220592978356597,0.12775268373794935,0.13298004217419554
2013-12-04,0.12356925703017661,0.1281686656755714,0.1337253342973104
2013-12-05,0.12836884416691874,0.1316845730612922,0.13588879645813623
2013-12-06,0.114056854394327,0.1209069022405922,0.1268683387386919
2013-12-09,0.11460880635873012,0.12077653920614825,0.12645912613442184
2013-12-10,0.12015353916337747,0.12474857816830297,0.12990826435705888
2013-12-11,0.13296346088744523,0.13418724500023504,0.1373167650744835
2013-12-12,0.13342478840211355,0.13479692283588485,0.1376421299190945
2013-12-13,0.13593174192973487,0.13640478692600008,0.1393906023046925
2013-12-16,0.13776573309045856,0.13761337242879806,0.14068403454737782
2013-12-17,0.13714977715262777,0.13629226168210296,0.14016909691031176
2013-12-18,0.11324004454122039,0.12004267443755275,0.12581318423069024
2013-12-19,0.11514602558303622,0.12094897713084134,0.1272183936956442
2013-12-20,0.10825271551327019,0.11522128792143561,0.12293699888759423
2013-12-23,0.10361169987474139,0.11140524465296112,0.12095403565268764
2013-12-24,0.10135194951328495,0.10900275037516241,0.11814665412473564
2013-12-26,0.10206350117732954,0.10934008765771584,0.11801490637683133
2013-12-27,0.10265010238755118,0.10979409538733788,0.11836494477643837
2013-12-30,0.1125425903578091,0.11842499783155519,0.12487881403211812
2013-12-31,0.11667387519462442,0.1207890947869866,0.12637624184240207
2014-01-02,0.12037929867124365,0.12423319390385149,0.1295356493018777
2014-01-03,0.11606922091557607,0.12276367425632068,0.1287239199622147
2014-01-06,0.1154258950896879,0.12171320195527563,0.12751289786857922
2014-01-07,0.11121548383878216,0.11736716944057428,0.12341330890816836
2014-01-08,0.11022885752426462,0.11692179177967085,0.12363472044268134
2014-01-09,0.10799645144786445,0.11464093461968076,0.12219279196077941
2014-01-10,0.1018949480176264,0.11071863898462908,0.11976948645066741
2014-01-13,0.11822903507526702,0.12311018538933831,0.12836986844945286
2014-01-14,0.1085864583956166,0.11614486950636206,0.12435106379707515
2014-01-15,0.1079620141311992,0.11710070548851857,0.12403044423332679
2014-01-16,0.10815110493661241,0.11776635585676061,0.12519753489751037
2014-01-17,,0.11400987079468933,0.12397617784762456
2014-01-21,,0.11406064196991458,0.12396082946582242
2014-01-22,0.10395350050088369,0.11340566702582659,0.123210061345079
2014-01-23,0.11308308895581999,0.11927898389102717,0.12656689241443478
2014-01-24,0.14934028149709014,0.14606349539029315,0.1471096340678876
2014-01-27,0.14655144883918095,0.1442904351625637,0.1460730003218827
2014-01-28,0.13508307595919022,0.1362821511249164,0.14065898969915555
2014-01-29,0.1493392305991577,0.1464153779145742,0.1482991304255401
2014-01-30,0.14807413784891496,0.14600654299142757,0.14793010848670654
2014-01-31,0.15819266668390267,0.15545669936599074,0.15616161715298907
2014-02-03,0.18155681262942064,0.17424815718749823,0.1739106659976828
2014-02-04,0.16350495767434156,0.1620952754604459,0.1642014037568327
2014-02-05,0.16812274187863482,0.16573995339737047,0.167611851556307
2014-02-06,0.14972417178578737,0.14838244098447115,0.15179065777173736
2014-02-07,0.12839748951710594,0.1328158846536011,0.1388244790893171
2014-02-10,0.12908086824297973,0.1316714783321983,0.13861756897136443
2014-02-11,0.12017579370838195,0.12611351222449632,0.1333197865700151
2014-02-12,0.12174357464537032,0.12630071201698892,0.13261122328510763
2014-02-13,0.11892159690529154,0.125151204311687,0.1319769705861107
2014-02-14,0.11381962523958897,0.12004151919520584,0.12611787570517718
2014-02-18,0.1182003808905271,0.1229308980571681,0.12856762523904527
2014-02-19,0.1281429552929924,0.13100883779291386,0.13606452462883104
2014-02-20,0.12076174694383907,0.1254048117737267,0.13157926267773584
2014-02-21,0.1154349435871965,0.1250654393827519,0.13045085056265343
2014-02-24,0.1158305264898617,0.1227090029693659,0.12811115863571032
2014-02-25,0.11519662885669765,0.12217122649513507,0.12793958796624494
2014-02-26,0.11988830740960377,0.12702229083917121,0.1324553738535514
2014-02-27,0.11452742304429954,0.12256256913894432,0.12870725636154173
2014-02-28,0.11586394508053512,0.12358346031701274,0.12958891172024578
2014-03-03,0.13531361287364624,0.1372808085038949,0.14033056586381307
2014-03-04,0.11819180560166152,0.12449365766992385,0.1298999126041882
2014-03-05,0.1175589212582395,0.12436354395121291,0.1299151556722542
2014-03-06,0.11845910110821578,0.12492102753930265,0.13113648206114156
2014-03-07,0.11745535564750088,0.12517671255362967,0.13129894563339445
2014-03-10,0.11908476105274607,0.12697643875450385,0.13193192737627868
2014-03-11,0.12424512110653149,0.13068721471050077,0.13489382082781257
2014-03-12,0.12152881085529199,0.1289202748497251,0.13381301274031848
2014-03-13,0.1389180619050511,0.14165013879104602,0.1432938638977088
2014-03-14,0.14980923005010907,0.14767805395357445,0.1491070260568036
2014-03-17,0.132168824250673,0.13742604170261066,0.13894754923235977
2014-03-18,0.12282706096280058,0.13057783472225973,0.1335627251727708
2014-03-19,0.1274705076057229,0.13398781526515957,0.13634213674007173
2014-03-20,0.1174444243981747,0.12694159923392442,0.13131256007040729
2014-03-21,0.12181927074096097,0.12997761140781103,0.13315507295521764
2014-03-24,0.12561288558377734,0.13226591524362455,0.13531568569711308
2014-03-25,0.11977573624545941,0.1271337851804595,0.13112102066215897
2014-03-26,0.128791077890884,0.13460360504200844,0.13834249639203852
2014-03-27,0.12937857395920846,0.13359960431681497,0.1363863071610813
2014-03-28,0.12454757962813381,0.12991760235744582,0.13249714726990316
2014-03-31,0.11898674767381374,0.12477849636919645,0.12905300087805524
2014-04-01,0.11097122829262256,0.11828279166272727,0.12376029803932824
2014-04-02,0.11207101672875013,0.11935554798765456,0.12467987577637508
2014-04-03,0.11447868548285284,0.12138978787525048,0.12642682267173785
2014-04-04,0.12210730700530632,0.12696384848974365,0.13037794469673894
2014-04-07,0.13662069932819787,0.1363043236370668,0.13926304530339714
2014-04-08,0.13118417816349048,0.13320118427886626,0.1355297171240088
2014-04-09,0.11931876685900238,0.12427029320860765,0.12935052821853352
2014-04-10,0.1422006732045509,0.1402630884413037,0.14161309893193108
2014-04-11,0.15407154417846178,0.1484485803829489,0.1482338128191783
2014-04-14,0.14364813943401186,0.14236619168226305,0.14525114954193508
2014-04-15,0.13606419843652853,0.13734671425641304,0.1412026437950226
2014-04-16,0.12432534160242881,0.12899557173459483,0.13481365860924174
2014-04-17,0.11600896828293582,0.12365988838362714,0.1309490629635264
2014-04-18,0.11831697755199848,0.12464775108122748,0.13211584556125194
2014-04-21,0.11879244439802383,0.12351406319325926,0.13036436187244643
2014-04-22,0.11517675322434782,0.12136240837537736,0.12857422096877344
2014-04-23,0.11576202503708315,0.1215452538755473,0.12884152579185648
2014-04-24,0.11802600314245698,0.12297348571488445,0.1300676380261674
2014-04-25,0.12560846227309927,0.12862888779829904,0.13293990665841773
2014-04-28,0.12359818691186637,0.1258371943173781,0.13054548238474453
2014-04-29,0.12136941531656484,0.12396213375861626,0.12904333630929257
2014-04-30,0.11630265170600478,0.12126734133927335,0.12782614254667893
2014-05-01,0.11449042910812278,0.11987602637091102,0.1268821695730262
2014-05-02,0.11300531569519502,0.12019244425837192,0.12790384774040217
2014-05-05,0.11532972051385541,0.12083496679085724,0.12779888368442574
2014-05-06,0.12104090598109839,0.12586700574733214,0.13256423769403416
2014-05-07,0.1168651994113204,0.12264108571858821,0.128595633649685
2014-05-08,0.11905765694027672,0.12289172909289994,0.12809285196790793
2014-05-09,0.11152852862770854,0.11975503257645716,0.12596746936318715
2014-05-12,0.10864564521110587,0.11584216339518262,0.12238627921821595
2014-05-13,0.10897473489927836,0.11750706862101205,0.12383225598425782
2014-05-14,0.10918504810167141,0.11753092542663877,0.12409285171407063
2014-05-15,0.11733330945614502,0.12408762822478642,0.12994325852995656
2014-05-16,,0.11931930802703662,0.12562135202112187
2014-05-19,,0.11665660105038964,0.12359149218405105
2014-05-20,,0.11970941827377507,0.12583877017463757
2014-05-21,0.1026291663362405,0.11384723324180467,0.12117068165015404
2014-05-22,0.10407257997008001,0.11265465209661242,0.12008969575802622
2014-05-23,0.09837404143763316,0.11107878329543819,0.11949280929368646
2014-05-27,0.10033718913951453,0.11164174891958947,0.11962609754610265
2014-05-28,0.10172279115054733,0.11252428264716072,0.12032233762531622
2014-05-29,0.09949584340334933,0.11119367781136945,0.11946375383697647
2014-05-30,0.09742936184512728,0.11038150466310356,0.11953728425322742
2014-06-02,0.10235539066924512,0.1131128546234481,0.12145675744141052
2014-06-03,0.10530991883329531,0.11445221591959177,0.12111469585445253
2014-06-04,0.10628262502785188,0.11395280247770746,0.12074025301656953
2014-06-05,0.10397787533825857,0.11197302021313582,0.11861400347758544
2014-06-06,0.09594717338196578,0.10552422296482827,0.11237796081018554
2014-06-09,0.09742574393457623,0.1071949799364739,0.11338856087578515
2014-06-10,0.09523111533931049,0.1054093908834619,0.11234761828643855
2014-06-13,0.1029464510492295,0.11165468002581588,0.11777182313801823
2014-06-16,0.1069750995156437,0.11374854028352885,0.12000876816567457
2014-06-17,0.10173762890429848,0.10993181095754374,0.11660250906035365
2014-06-18,0.08912222576207021,0.10075004314697676,0.10782688743748278
2014-06-19,0.08640731436911513,0.09920946232698509,0.10659517378049925
2014-06-20,0.08476214510027663,0.09866941216824188,0.1061327199543394
2014-06-23,0.08743384410261491,0.09891496003624912,0.1067561331817834
2014-06-24,0.09790556434869449,0.10572907794943893,0.11232102242894275
2014-06-25,0.09514691438784882,0.10375379799475695,0.11044059502575894
2014-06-26,0.09465923823970566,0.10306638285158701,0.10955506836585695
2014-06-27,0.09348087945651241,0.10297564087841471,0.10965504990262638
2014-06-30,0.0959276185899459,0.10418215040278958,0.11080357772336061
2014-07-01,0.0901049621444295,0.1003635563156124,0.10787917116431961
2014-07-02,0.08698379138106695,0.09721963509265613,0.10566704918932086
2014-07-03,0.08324899611988305,0.09583530597559022,0.10436976024892694
2014-07-07,0.09322530919821079,0.10252656752991246,0.10944370103449587
2014-07-08,0.0995665170495822,0.10726570308302825,0.11478069648279055
2014-07-09,0.09739981320340431,0.10481211008446904,0.11122582237895372
2014-07-10,0.10399928917310139,0.11063581772400374,0.11736330390927967
2014-07-11,0.09956227154092268,0.1076042826909324,0.11402209110647817
2014-07-14,0.09553545053125963,0.1044015053909275,0.11082516917637487
2014-07-15,0.098225741620684,0.10557424968705599,0.11296998360121341
2014-07-16,0.0913135215862242,0.10152682525629617,0.10988893170930689
2014-07-17,0.11789654232911227,0.12045140732053333,0.1252136491077307
2014-07-18,0.09734819903659103,0.1074502384700181,0.11265509648494924
2014-07-21,0.10475241903453104,0.11204855998129518,0.11770798818584716
2014-07-22,0.10072684667710287,0.10893578895744216,0.11688076032432758
2014-07-23,0.09940690927239774,0.1083598879524328,0.11612196196299449
2014-07-24,0.10025893117944379,0.10969361554479887,0.11749218300533079
2014-07-25,0.10531906764601381,0.11374545480317953,0.1218748554789348
2014-07-28,0.1053276398128329,0.11313914740852064,0.12133877091769278
2014-07-29,0.11139942088500139,0.11753487871531722,0.1250954654662491
2014-07-30,0.11315380441676785,0.11812443541145211,0.12481069813893643
2014-07-31,0.1458756182436397,0.143631002394985,0.14621851235723093
2014-08-01,0.1455932895576426,0.14570713808194496,0.14852151466715302
2014-08-04,0.1317761488334028,0.13499363844736614,0.1388888055952916
2014-08-05,0.14454690909103257,0.147363942058277,0.1504444876425447
2014-08-06,0.14233225519637807,0.14651877202717442,0.15011196314272887
2014-08-07,0.14763165557135655,0.15126750630394906,0.1541512259881292
2014-08-08,0.1388066005908168,0.1434175816626757,0.14716511235312796
2014-08-11,0.12805802558419419,0.13441470196406605,0.13946951691842985
2014-08-12,0.12709443210716062,0.13241284697774677,0.13796589168380555
2014-08-13,0.11276432709568998,0.12202277870283829,0.12951072629185095
2014-08-14,0.10506730720665021,0.11562164198680368,0.12295781808829763
2014-08-15,,0.11516540039380757,0.1224978402030227
2014-08-18,,0.10844589308650229,0.11641205620073204
2014-08-19,,0.10725968274951357,0.11533455374564519
2014-08-20,0.09414526886243527,0.10787391234528729,0.11550437201616498
2014-08-21,0.09582393427306256,0.10805312231844481,0.11532724176907751
2014-08-22,0.09244757519045063,0.10673647534622059,0.11426938519866978
2014-08-25,0.09718523709326166,0.10927379330181444,0.11558215005865331
2014-08-26,0.09594083119231128,0.10879732649712816,0.11593163995762824
2014-08-27,0.09837685902761122,0.1100893842350747,0.11693024701990898
2014-08-28,0.10007964806201584,0.11133176484363017,0.11817744999375601
2014-08-29,0.0994210513864724,0.11173108952031198,0.11884679872144908
2014-09-02,0.10541864101236795,0.1153157319487563,0.1215511476414469
2014-09-03,0.10547153526012287,0.11526354229700661,0.12160986439497022
2014-09-04,0.10601912502274374,0.11480928607179837,0.12142619577911591
2014-09-05,0.09663485548083499,0.10747870805931325,0.11564289557006906
2014-09-08,0.10180305974819008,0.11102073882635471,0.1182981987353735
2014-09-09,0.11117159271113293,0.11748197271773443,0.1226249963899426
2014-09-10,0.1083241559540178,0.1158033645158201,0.12189654424593056
2014-09-11,0.1048072981798803,0.11322580698514828,0.1204033047954713
2014-09-12,0.11496127807573808,0.12091873042927934,0.12664942247070007
2014-09-15,0.12015501785107277,0.12426165812196553,0.12847719568736196
2014-09-16,0.10695999833366979,0.11338883453845387,0.12025745007853016
2014-09-17,0.10245564854870563,0.11001145713664268,0.11683964190674313
2014-09-18,0.09499231851596497,0.10503854468147891,0.11384171095401821
2014-09-19,0.09307954736056373,0.10540355202914944,0.11377345819320574
2014-09-22,0.11215414333190157,0.11691458496983463,0.12395905715545116
2014-09-26,0.12514460508264827,0.12760238147330105,0.13158273139331367
2014-09-29,0.1323822292168754,0.13424640381113018,0.138864839538583
2014-09-30,0.1392225119017598,0.14002199522728653,0.14184092647883484
2014-10-01,0.14939592485974584,0.1489455876726642,0.1505199232770336
2014-10-02,0.14194705427759607,0.14409061714092775,0.1479542617160341
2014-10-03,0.13028606113936064,0.1329750620714699,0.13732524269021085
2014-10-06,0.13804824168040064,0.13863746253902473,0.1411529160745084
2014-10-07,0.15168284552884323,0.15099915352614837,0.1526025561218197
2014-10-08,0.13387573480834858,0.13624044822926065,0.13918065078332714
2014-10-09,0.16048882601392728,0.15757771265810236,0.1582902312686479
2014-10-10,0.18501534262470398,0.17828180748595251,0.17442484282186826
2014-10-13,0.20979335852860181,0.1997690290710094,0.19041514838218088
2014-10-14,0.18961490243714474,0.1862858380146638,0.1841051141116858
2014-10-15,0.2229602514239617,0.20815606374486462,0.20050953735295893
2014-10-16,0.20657193986766043,0.19742133202629278,0.19446697083869052
2014-10-17,,0.17738666798093627,0.1768562979686421
2014-10-20,,0.1659857919120679,0.16829724780916752
2014-10-21,,0.14812210404639242,0.1526586390096721
2014-10-22,0.1572767323677658,0.15999455726475567,0.16345620749362202
2014-10-23,0.1466638040364047,0.15238952635047157,0.15510795406899444
2014-10-24,0.14246109953560349,0.14967605969124498,0.15348294119992567
2014-10-27,0.14662194697022957,0.15173592166481112,0.153781500353801
2014-10-28,0.13022396164554628,0.13832389839736967,0.14359591991301718
2014-10-29,0.1355672764572625,0.14164649151571232,0.14578005012968254
2014-10-30,0.13049751436707746,0.13762017231348614,0.14333687777434928
2014-10-31,0.128203786278386,0.13386083764961731,0.13856552841317193
2014-11-03,0.1325673165387339,0.13716496754504814,0.14170439726562242
2014-11-04,0.13317876485128463,0.13751715925420044,0.14274413705129269
2014-11-05,0.12421568471542815,0.13221004963244973,0.1393726796992511
2014-11-06,0.11983705800772851,0.12799226439626907,0.13439792675135256
2014-11-07,0.11406289981080624,0.12305261368420473,0.1302920373379136
2014-11-10,0.10948248776521081,0.11757786421609154,0.12584426066129442
2014-11-11,0.11216680867672435,0.11835236239046262,0.12599247672912334
2014-11-12,0.11239236209373969,0.1189989106618208,0.12635842971965666
2014-11-13,0.11441049222923905,0.12269758146529688,0.12987802230698642
2014-11-14,0.11130280918756266,0.12056570966081821,0.12902215395515884
2014-11-17,0.11453149862830173,0.12249634472558905,0.13070588206638722
2014-11-18,0.1122254083108504,0.12033629662825997,0.1282583363759548
2014-11-19,0.11371544790871221,0.12109045124764485,0.12914520854996758
2014-11-20,0.1068892122589097,0.1177810305965603,0.12660833175726707
2014-11-21,0.10216216226606799,0.11496392918681209,0.12412056178448964
2014-11-24,0.10093469721116838,0.11442844576245488,0.12307175233102458
2014-11-25,0.1016673358100185,0.11516908476323522,0.12386229356880055
2014-11-26,0.10269334856290924,0.11466996357565626,0.12374648172239759
2014-11-28,0.11519669819443665,0.12319461469602387,0.13004258691733445
2014-12-01,0.12611606096711547,0.13118948712640047,0.13701357716169607
2014-12-02,0.11563126164028165,0.12247570161988844,0.1294850253903116
2014-12-03,0.11260260332529583,0.12063692645482577,0.12767179705473544
2014-12-04,0.11086047321672714,0.11939806821931792,0.12684648123539635
2014-12-05,0.10434958675942053,0.11578089395858264,0.12449906679774797
2014-12-08,0.1242940997778813,0.13063831631635112,0.13680246579388844
2014-12-09,0.12606002562204952,0.13161225721963693,0.1375404225633479
2014-12-10,0.1576954147386848,0.15573821534516813,0.15781884523433315
2014-12-11,0.16931594517642043,0.1671632965387767,0.1683990061253834
2014-12-12,0.18370508918529613,0.18106983641799487,0.18109034686201303
2014-12-15,0.17062114486222565,0.1728124616194177,0.17572282810039141
2014-12-16,0.19741905896601322,0.1920949273416285,0.1935274787389414
2014-12-17,0.16045819611210863,0.16281611951285022,0.1674401851931302
2014-12-18,0.13634608409457663,0.1413778880923919,0.14988264095011214
2014-12-19,0.1328418180274871,0.1391492920134762,0.1468403515883393
2014-12-22,0.13012086348127036,0.13468358646887327,0.14280934349240937
2014-12-23,0.12339182999707145,0.1305458567863572,0.1402583054952167
2014-12-24,0.12176138664666343,0.12988348975118946,0.13950034506851905
2014-12-26,0.12075693181577804,0.1288050316979228,0.13784520235164938
2014-12-29,0.12465240382711651,0.13115436293939675,0.1390013157782216
2014-12-31,0.1531511549122678,0.15515565713912138,0.15958312228410784
2015-01-02,0.14786031023527288,0.15181941068321547,0.15676089594199918
2015-01-05,0.16525407281135812,0.16681965890231282,0.16943474076195109
2015-01-06,0.17592148073609892,0.17611847984707887,0.17850022138146857
2015-01-07,0.16188133013982559,0.1637802727677167,0.16769627769971152
2015-01-08,0.1435642107672331,0.14836662476411908,0.15227000953391698
2015-01-09,0.15222648190472923,0.15560673078649184,0.159048291398879
2015-01-12,0.16891663890260675,0.16816926606411473,0.16955606282400876
2015-01-13,0.17319880605727875,0.17163795071005938,0.17305767803734948
2015-01-14,0.17894203560237593,0.17703239225802092,0.17650193037287748
2015-01-15,0.18888590247120793,0.18330777352276792,0.18267668753313418
2015-01-16,,0.17161050358327795,0.1746006055686171
2015-01-20,,0.1713435771767937,0.17133239342685389
2015-01-21,0.16292220748893252,0.15985557892490318,0.16360526228529354
2015-01-22,0.1377594955950183,0.14408093086348203,0.1483358059703699
2015-01-23,0.1418085084733265,0.14745345844300334,0.15275416426621632
2015-01-26,0.13112870396139822,0.13895222407982943,0.14649594384487397
2015-01-27,0.15125795024491812,0.15394811966837768,0.15735007617053168
2015-01-28,0.1801748710383413,0.17564012497251477,0.17539396506106372
2015-01-29,0.1597662431247003,0.16097848787780453,0.16433388533408144
2015-01-30,0.18924987059060772,0.18504048918661722,0.18376160270977507
2015-02-02,0.166653646278585,0.1671437153691548,0.16951049070025534
2015-02-03,0.14972890423583438,0.15309545946264247,0.1573179970774273
2015-02-04,0.15892835981095585,0.16291886165108693,0.16589554573176177
2015-02-05,0.14627291065662382,0.15231047918683277,0.15719209643487608
2015-02-06,0.14808208788345564,0.1556676401677945,0.16151643332355314
2015-02-09,0.16029359817765834,0.16308031595007783,0.16703734755017222
2015-02-10,0.1476436144644969,0.15219984985250992,0.15808921730306974
2015-02-11,0.14484734374141173,0.15020737537366657,0.15633611931836014
2015-02-12,0.13087020304810001,0.14022545762988023,0.14732474100104012
2015-02-13,0.12663198724284724,0.1371854184557396,0.14459751429277437
2015-02-17,0.132867262202658,0.13908831398777752,0.1453049917291864
2015-02-18,0.1304116361146025,0.13873976096844776,0.145225862789662
2015-02-19,0.12539448557987684,0.13597361477624625,0.1439377492523965
2015-02-20,0.11913890228190305,0.13044087670903398,0.1384802323133196
2015-02-23,0.12116536643672005,0.1309216383671033,0.1377382172720705
2015-02-24,0.11285993511360001,0.12465351060305796,0.1323541507066624
2015-02-25,0.11440361445601588,0.12670363742318913,0.133570748619603
2015-02-26,0.11586330328508507,0.12727028326980175,0.1340088329693551
2015-02-27,0.1162058005391611,0.1277236723895383,0.13496413491445292
2015-03-02,0.11185884709183691,0.122140489141374,0.12939738477960114
2015-03-03,0.12081613777668716,0.12872576560971477,0.13447031701811654
2015-03-04,0.12247904963865196,0.1292077308253727,0.13508781062673447
2015-03-05,0.12158471597650432,0.12866954756973736,0.13420670076189534
2015-03-06,0.13351341978660894,0.13783075274855328,0.1429889314624796
2015-03-09,0.1326903415117993,0.13739102153414381,0.14214627451002412
2015-03-10,0.15028877560225196,0.151447754735007,0.15373883348186437
2015-03-11,0.15351041819448943,0.15611100128347097,0.15863920228125708
2015-03-12,0.1388262243226789,0.1443682057531485,0.1489730459075833
2015-03-13,0.14691913873581786,0.15297011206360517,0.15571162978613282
2015-03-16,0.14086628008940022,0.14416843157488968,0.1485687568145241
2015-03-17,0.1422520587267992,0.1455036315870659,0.15000743305546874
2015-03-18,0.11894796171439519,0.12915508040126913,0.1365143564429271
2015-03-19,0.12458140258362324,0.1346048248786288,0.14217302538560586
2015-03-20,0.11135269157182154,0.12560584399338184,0.1352113564247571
2015-03-23,0.11774257332635142,0.12926522817952815,0.13736220119585002
2015-03-24,0.12106322914803884,0.13183706660033406,0.13970209297990224
2015-03-25,0.14105561831240707,0.14621322096834172,0.15133388288770025
2015-03-26,0.14427030175182157,0.14763884843402392,0.1519461662863851
2015-03-27,0.1388072617854924,0.14406000524937287,0.14942466009815494
2015-03-30,0.13269233153779514,0.13928431560258597,0.14429452116465608
2015-03-31,0.14242014451926635,0.1468747224300946,0.15092322828312485
2015-04-01,0.1394192900556335,0.14462402128226734,0.1505537205358133
2015-04-02,0.13686436265025687,0.1421291929084633,0.1480355115076608
2015-04-03,0.1391848856678515,0.14350234131259432,0.14908218288643882
2015-04-06,0.1349166591462431,0.14014501311820296,0.14577839543915103
2015-04-07,0.1353260337131106,0.14070740373122342,0.14623408649373387
2015-04-08,0.12853796697502665,0.13561657476488742,0.14052585051823901
2015-04-09,0.11890055474152504,0.12851240865435093,0.1348598102348207
2015-04-10,0.11302724481117003,0.12322680661598935,0.13002573578410723
2015-04-13,0.12779416012267203,0.1333102492316941,0.13819633259395195
2015-04-14,0.12135839819553668,0.1296538434366847,0.1351531094609882
2015-04-15,0.11502680917307817,0.12382527692278313,0.13124686512476705
2015-04-16,0.11233601322364596,0.12164653330599394,0.1292817880665151
2015-04-17,0.1262319578641872,0.13202965260689628,0.13787128947272834
2015-04-20,0.11920248011167817,0.12495881401849626,0.1322602276914798
2015-04-21,0.11951808227100505,0.12485890678595386,0.1317705345677826
2015-04-22,0.1135040005761188,0.12054046773330652,0.12829938419423656
2015-04-23,0.11410591704281813,0.12008621718210312,0.1277224821527411
2015-04-24,0.11211594763771317,0.12019123728602053,0.12817927161419906
2015-04-27,0.12105613541238358,0.1265481399049105,0.13423656367647063
2015-04-28,0.11620944763862714,0.12176064134749832,0.12843182669206205
2015-04-29,0.121609664503545,0.12707472649374263,0.1342551592755718
2015-04-30,0.13561947860690318,0.13779448488506346,0.14319299179987913
2015-05-01,0.11916539440619474,0.12472797993409947,0.13131322567043807
2015-05-04,0.1181057270314502,0.12513870213414155,0.1322193792020835
2015-05-05,0.13421336847942383,0.1371842146755029,0.1424921900860373
2015-05-06,0.14130119011833941,0.1427350749003864,0.14664867549195879
2015-05-07,0.13889438746126057,0.1406516823745499,0.144617014310214
2015-05-08,0.11677456499363612,0.12543748082928086,0.13257214008125362
2015-05-11,0.12647292405290883,0.1322393790786504,0.13884893999224604
2015-05-12,0.12754502830528675,0.133868699375125,0.13966859620578498
2015-05-13,0.12520625559002335,0.13193247351274698,0.13813030599805323
2015-05-14,0.11204799003978172,0.1218356273069673,0.12967991617316788
2015-05-15,,0.12043235436092395,0.1284555571819001
2015-05-18,,0.11851536905223585,0.12617377938314
2015-05-19,,0.12043175352032708,0.1275233021166999
2015-05-20,0.11005560127670785,0.12002481653299323,0.12669262793950203
2015-05-21,0.10414963094062919,0.11593308619467675,0.12277239683770014
2015-05-22,0.10502463743084925,0.11720536043735642,0.1241202782348286
2015-05-26,0.12320225831314176,0.12842291790960347,0.13321628532583293
2015-05-27,0.11337311506148717,0.11970368357118127,0.12517527552290245
2015-05-28,0.11461008648486158,0.11985467732815137,0.12535455564964348
2015-05-29,0.1227726273790455,0.12633281621856368,0.13073095735638904
2015-06-01,0.12368182685699727,0.12750923484687424,0.13199342822313667
2015-06-02,0.1266197273761767,0.12918460416779456,0.13341135151197867
2015-06-03,0.11884490262460724,0.1240752700993232,0.1294081325767493
2015-06-04,0.1316786153673266,0.1342439022400612,0.1384942185588175
2015-06-05,0.13005292770733468,0.13439456005745087,0.13877826116616251
2015-06-08,0.13941785884385122,0.14185669125810374,0.1455003261852444
2015-06-09,0.13504754952169368,0.13939249515780025,0.14342536799046182
2015-06-10,0.12116794788128611,0.1266583432783457,0.1321357791198361
2015-06-11,0.11685311599414043,0.12369414717498413,0.12989673435083493
2015-06-12,0.12493340854579771,0.13064301674991172,0.13557133333908136
2015-06-15,0.1400347353543015,0.14116111767979617,0.14352698102680095
2015-06-16,0.13185979566802966,0.13510451078938499,0.13907740486660083
2015-06-17,0.13023381586101254,0.13370965341445915,0.13838974669152326
2015-06-18,0.11559566109467155,0.12237605601547603,0.12923792216904761
2015-06-19,0.12401502903836248,0.1284228161348787,0.13469670932448613
2015-06-22,0.11165830240353866,0.11879844465205061,0.12659035670183835
2015-06-23,0.10849981599443478,0.11536622492788368,0.12400706143572826
2015-06-24,0.11889345059978083,0.12235862415531756,0.12945140820465081
2015-06-25,0.12541002867810358,0.12680334535315918,0.1322273854428978
2015-06-26,0.1261007336743762,0.12656545370960678,0.1316914811204611
2015-06-29,0.16712267360216862,0.15981377075487743,0.1597712432270734
2015-06-30,0.1617510816079347,0.15587923417090987,0.15670856196134797
2015-07-01,0.1462496823361804,0.14297015721229517,0.14505243872497128
2015-07-02,0.15250365033581353,0.14845796117578147,0.15043894720174686
2015-07-03,0.1547006738578556,0.14968475448725357,0.15141554192441456
2015-07-06,0.15436180117208556,0.15339112937347468,0.1554647493538241
2015-07-07,0.14595511361337873,0.14672046874760586,0.14990399160623738
2015-07-08,0.17557112176152398,0.16888840601693408,0.16821155359584963
2015-07-09,0.17897441290017269,0.17184407610422822,0.1698924380915117
2015-07-10,0.15029916096329968,0.14960095370341261,0.1532143092876506
2015-07-13,0.12505840793587378,0.1293929988114385,0.13555136549517927
2015-07-14,0.11918655165785128,0.12623529657213833,0.1323813408924005
2015-07-15,0.1164618741780859,0.1236800073145762,0.1318254307889992
2015-07-16,0.10743509162165651,0.11592863442547176,0.1241782802521745
2015-07-17,,0.11214276830122526,0.12286123676276886
2015-07-20,,0.11549376608439663,0.12330353667958974
2015-07-21,,0.11476242127231341,0.12454705684863082
2015-07-22,0.10151787263634005,0.11365037929348995,0.12404955931597596
2015-07-23,0.10869273216766805,0.1193845604398326,0.1288821916713013
2015-07-24,0.11950409521425137,0.12707915063133116,0.13481243767958292
2015-07-27,0.13935108419787787,0.14245583662805128,0.14670910015809485
2015-07-28,0.1192341672085979,0.12617094066298812,0.13258621589892136
2015-07-29,0.11043666143034839,0.11993732330045113,0.1272957661661307
2015-07-30,0.10683711673452298,0.11877642163053789,0.12773968949193162
2015-07-31,0.10936206819530461,0.12128373705331742,0.12965145252304927
